year,term,date_time
1899,小寒,1899-01-05 20:23:12
1899,大寒,1899-01-20 13:43:26
1899,立春,1899-02-04 08:12:47
1899,雨水,1899-02-19 04:13:43
1899,惊蛰,1899-03-06 02:44:01
1899,春分,1899-03-21 03:51:35
1899,清明,1899-04-05 08:14:36
1899,谷雨,1899-04-20 15:39:01
1899,立夏,1899-05-06 02:16:14
1899,小满,1899-05-21 15:28:24
1899,芒种,1899-06-06 06:58:24
1899,夏至,1899-06-21 23:51:25
1899,小暑,1899-07-07 17:27:15
1899,大暑,1899-07-23 10:48:45
1899,立秋,1899-08-08 03:05:23
1899,处暑,1899-08-23 17:34:07
1899,白露,1899-09-08 05:29:49
1899,秋分,1899-09-23 14:35:57
1899,寒露,1899-10-08 20:25:33
1899,霜降,1899-10-23 23:12:22
1899,立冬,1899-11-07 22:52:39
1899,小雪,1899-11-22 20:06:33
1899,大雪,1899-12-07 15:10:21
1899,冬至,1899-12-22 09:02:01
1900,小寒,1900-01-06 02:09:44
1900,大寒,1900-01-20 19:38:15
1900,立春,1900-02-04 13:57:19
1900,雨水,1900-02-19 10:07:06
1900,惊蛰,1900-03-06 08:27:41
1900,春分,1900-03-21 09:44:52
1900,清明,1900-04-05 13:58:30
1900,谷雨,1900-04-20 21:32:57
1900,立夏,1900-05-06 08:01:03
1900,小满,1900-05-21 21:22:48
1900,芒种,1900-06-06 12:44:52
1900,夏至,1900-06-22 05:45:39
1900,小暑,1900-07-07 23:16:02
1900,大暑,1900-07-23 16:41:55
1900,立秋,1900-08-08 08:56:23
1900,处暑,1900-08-23 23:25:39
1900,白露,1900-09-08 11:22:28
1900,秋分,1900-09-23 20:26:03
1900,寒露,1900-10-09 02:18:55
1900,霜降,1900-10-24 05:01:03
1900,立冬,1900-11-08 04:45:24
1900,小雪,1900-11-23 01:53:31
1900,大雪,1900-12-07 21:01:31
1900,冬至,1900-12-22 14:47:16
1901,小寒,1901-01-06 07:53:25
1901,大寒,1901-01-21 01:16:29
1901,立春,1901-02-04 19:39:56
1901,雨水,1901-02-19 15:44:56
1901,惊蛰,1901-03-06 14:10:56
1901,春分,1901-03-21 15:23:37
1901,清明,1901-04-05 19:44:27
1901,谷雨,1901-04-21 03:13:33
1901,立夏,1901-05-06 13:50:34
1901,小满,1901-05-22 03:04:50
1901,芒种,1901-06-06 18:36:39
1901,夏至,1901-06-22 11:28:00
1901,小暑,1901-07-08 05:07:46
1901,大暑,1901-07-23 22:24:00
1901,立秋,1901-08-08 14:46:16
1901,处暑,1901-08-24 05:07:39
1901,白露,1901-09-08 17:10:23
1901,秋分,1901-09-24 02:09:03
1901,寒露,1901-10-09 08:06:36
1901,霜降,1901-10-24 10:46:17
1901,立冬,1901-11-08 10:34:34
1901,小雪,1901-11-23 07:41:13
1901,大雪,1901-12-08 02:52:38
1901,冬至,1901-12-22 20:36:36
1902,小寒,1902-01-06 13:51:37
1902,大寒,1902-01-21 07:12:00
1902,立春,1902-02-05 01:38:11
1902,雨水,1902-02-19 21:39:40
1902,惊蛰,1902-03-06 20:07:27
1902,春分,1902-03-21 21:16:31
1902,清明,1902-04-06 01:37:27
1902,谷雨,1902-04-21 09:04:15
1902,立夏,1902-05-06 19:38:52
1902,小满,1902-05-22 08:53:38
1902,芒种,1902-06-07 00:19:50
1902,夏至,1902-06-22 17:15:10
1902,小暑,1902-07-08 10:46:24
1902,大暑,1902-07-24 04:09:55
1902,立秋,1902-08-08 20:22:24
1902,处暑,1902-08-24 10:53:08
1902,白露,1902-09-08 22:46:32
1902,秋分,1902-09-24 07:55:24
1902,寒露,1902-10-09 13:45:12
1902,霜降,1902-10-24 16:35:41
1902,立冬,1902-11-08 16:17:47
1902,小雪,1902-11-23 13:35:30
1902,大雪,1902-12-08 08:41:06
1902,冬至,1902-12-23 02:35:40
1903,小寒,1903-01-06 19:43:49
1903,大寒,1903-01-21 13:13:38
1903,立春,1903-02-05 07:31:18
1903,雨水,1903-02-20 03:40:48
1903,惊蛰,1903-03-07 01:58:49
1903,春分,1903-03-22 03:14:44
1903,清明,1903-04-06 07:25:53
1903,谷雨,1903-04-21 14:58:41
1903,立夏,1903-05-07 01:25:28
1903,小满,1903-05-22 14:45:06
1903,芒种,1903-06-07 06:07:15
1903,夏至,1903-06-22 23:04:59
1903,小暑,1903-07-08 16:36:41
1903,大暑,1903-07-24 09:58:50
1903,立秋,1903-08-09 02:15:54
1903,处暑,1903-08-24 16:41:43
1903,白露,1903-09-09 04:42:24
1903,秋分,1903-09-24 13:43:44
1903,寒露,1903-10-09 19:41:45
1903,霜降,1903-10-24 22:23:06
1903,立冬,1903-11-08 22:13:28
1903,小雪,1903-11-23 19:21:30
1903,大雪,1903-12-08 14:35:25
1903,冬至,1903-12-23 08:20:31
1904,小寒,1904-01-07 01:37:08
1904,大寒,1904-01-21 18:57:54
1904,立春,1904-02-05 13:24:12
1904,雨水,1904-02-20 09:24:52
1904,惊蛰,1904-03-06 07:51:43
1904,春分,1904-03-21 08:58:34
1904,清明,1904-04-05 13:18:55
1904,谷雨,1904-04-20 20:42:11
1904,立夏,1904-05-06 07:18:38
1904,小满,1904-05-21 20:29:01
1904,芒种,1904-06-06 12:01:01
1904,夏至,1904-06-22 04:51:29
1904,小暑,1904-07-07 22:31:49
1904,大暑,1904-07-23 15:49:44
1904,立秋,1904-08-08 08:11:57
1904,处暑,1904-08-23 22:36:26
1904,白露,1904-09-08 10:37:57
1904,秋分,1904-09-23 19:40:08
1904,寒露,1904-10-09 01:35:32
1904,霜降,1904-10-24 04:19:00
1904,立冬,1904-11-08 04:05:01
1904,小雪,1904-11-23 01:15:56
1904,大雪,1904-12-07 20:25:27
1904,冬至,1904-12-22 14:14:03
1905,小寒,1905-01-06 07:27:14
1905,大寒,1905-01-21 00:52:02
1905,立春,1905-02-04 19:15:54
1905,雨水,1905-02-19 15:21:05
1905,惊蛰,1905-03-06 13:45:41
1905,春分,1905-03-21 14:57:42
1905,清明,1905-04-05 19:14:37
1905,谷雨,1905-04-21 02:43:55
1905,立夏,1905-05-06 13:14:09
1905,小满,1905-05-22 02:31:20
1905,芒种,1905-06-06 17:53:40
1905,夏至,1905-06-22 10:51:29
1905,小暑,1905-07-08 04:20:11
1905,大暑,1905-07-23 21:45:45
1905,立秋,1905-08-08 13:57:06
1905,处暑,1905-08-24 04:28:42
1905,白露,1905-09-08 16:21:50
1905,秋分,1905-09-24 01:30:00
1905,寒露,1905-10-09 07:19:37
1905,霜降,1905-10-24 10:07:57
1905,立冬,1905-11-08 09:49:46
1905,小雪,1905-11-23 07:04:54
1905,大雪,1905-12-08 02:10:47
1905,冬至,1905-12-22 20:03:44
1906,小寒,1906-01-06 13:13:29
1906,大寒,1906-01-21 06:43:19
1906,立春,1906-02-05 01:03:57
1906,雨水,1906-02-19 21:14:31
1906,惊蛰,1906-03-06 19:36:09
1906,春分,1906-03-21 20:52:49
1906,清明,1906-04-06 01:07:19
1906,谷雨,1906-04-21 08:39:08
1906,立夏,1906-05-06 19:08:29
1906,小满,1906-05-22 08:24:52
1906,芒种,1906-06-06 23:48:55
1906,夏至,1906-06-22 16:41:52
1906,小暑,1906-07-08 10:15:21
1906,大暑,1906-07-24 03:32:41
1906,立秋,1906-08-08 19:51:40
1906,处暑,1906-08-24 10:13:39
1906,白露,1906-09-08 22:16:16
1906,秋分,1906-09-24 07:15:07
1906,寒露,1906-10-09 13:15:02
1906,霜降,1906-10-24 15:54:54
1906,立冬,1906-11-08 15:47:04
1906,小雪,1906-11-23 12:53:54
1906,大雪,1906-12-08 08:09:26
1906,冬至,1906-12-23 01:53:12
1907,小寒,1907-01-06 19:11:27
1907,大寒,1907-01-21 12:30:50
1907,立春,1907-02-05 06:59:00
1907,雨水,1907-02-20 02:58:25
1907,惊蛰,1907-03-07 01:27:14
1907,春分,1907-03-22 02:33:05
1907,清明,1907-04-06 06:54:49
1907,谷雨,1907-04-21 14:17:14
1907,立夏,1907-05-07 00:53:34
1907,小满,1907-05-22 14:03:15
1907,芒种,1907-06-07 05:32:56
1907,夏至,1907-06-22 22:23:04
1907,小暑,1907-07-08 15:59:15
1907,大暑,1907-07-24 09:18:04
1907,立秋,1907-08-09 01:36:06
1907,处暑,1907-08-24 16:03:29
1907,白露,1907-09-09 04:02:09
1907,秋分,1907-09-24 13:08:55
1907,寒露,1907-10-09 19:02:47
1907,霜降,1907-10-24 21:51:32
1907,立冬,1907-11-08 21:36:20
1907,小雪,1907-11-23 18:52:02
1907,大雪,1907-12-08 13:59:25
1907,冬至,1907-12-23 07:51:30
1908,小寒,1908-01-07 01:01:06
1908,大寒,1908-01-21 18:28:08
1908,立春,1908-02-05 12:47:19
1908,雨水,1908-02-20 08:54:06
1908,惊蛰,1908-03-06 07:13:46
1908,春分,1908-03-21 08:27:29
1908,清明,1908-04-05 12:39:59
1908,谷雨,1908-04-20 20:11:27
1908,立夏,1908-05-06 06:38:31
1908,小满,1908-05-21 19:58:16
1908,芒种,1908-06-06 11:19:14
1908,夏至,1908-06-22 04:19:09
1908,小暑,1908-07-07 21:48:07
1908,大暑,1908-07-23 15:14:09
1908,立秋,1908-08-08 07:26:48
1908,处暑,1908-08-23 21:57:08
1908,白露,1908-09-08 09:52:26
1908,秋分,1908-09-23 18:58:24
1908,寒露,1908-10-09 00:50:56
1908,霜降,1908-10-24 03:36:52
1908,立冬,1908-11-08 03:22:01
1908,小雪,1908-11-23 00:34:40
1908,大雪,1908-12-07 19:43:38
1908,冬至,1908-12-22 13:33:30
1909,小寒,1909-01-06 06:45:21
1909,大寒,1909-01-21 00:11:04
1909,立春,1909-02-04 18:32:44
1909,雨水,1909-02-19 14:38:30
1909,惊蛰,1909-03-06 13:01:02
1909,春分,1909-03-21 14:13:09
1909,清明,1909-04-05 18:29:42
1909,谷雨,1909-04-21 01:58:01
1909,立夏,1909-05-06 12:31:08
1909,小满,1909-05-22 01:45:10
1909,芒种,1909-06-06 17:14:12
1909,夏至,1909-06-22 10:05:46
1909,小暑,1909-07-08 03:44:07
1909,大暑,1909-07-23 21:00:37
1909,立秋,1909-08-08 13:22:36
1909,处暑,1909-08-24 03:43:41
1909,白露,1909-09-08 15:46:48
1909,秋分,1909-09-24 00:44:43
1909,寒露,1909-10-09 06:43:25
1909,霜降,1909-10-24 09:22:43
1909,立冬,1909-11-08 09:13:16
1909,小雪,1909-11-23 06:20:21
1909,大雪,1909-12-08 01:34:57
1909,冬至,1909-12-22 19:19:54
1910,小寒,1910-01-06 12:38:08
1910,大寒,1910-01-21 05:59:08
1910,立春,1910-02-05 00:27:32
1910,雨水,1910-02-19 20:28:13
1910,惊蛰,1910-03-06 18:56:33
1910,春分,1910-03-21 20:02:58
1910,清明,1910-04-06 00:23:02
1910,谷雨,1910-04-21 07:45:54
1910,立夏,1910-05-06 18:19:28
1910,小满,1910-05-22 07:30:17
1910,芒种,1910-06-06 22:56:24
1910,夏至,1910-06-22 15:48:47
1910,小暑,1910-07-08 09:21:08
1910,大暑,1910-07-24 02:43:03
1910,立秋,1910-08-08 18:57:20
1910,处暑,1910-08-24 09:27:28
1910,白露,1910-09-08 21:22:22
1910,秋分,1910-09-24 06:30:53
1910,寒露,1910-10-09 12:21:19
1910,霜降,1910-10-24 15:11:22
1910,立冬,1910-11-08 14:53:37
1910,小雪,1910-11-23 12:11:07
1910,大雪,1910-12-08 07:17:06
1910,冬至,1910-12-23 01:11:59
1911,小寒,1911-01-06 18:21:04
1911,大寒,1911-01-21 11:51:36
1911,立春,1911-02-05 06:10:24
1911,雨水,1911-02-20 02:20:24
1911,惊蛰,1911-03-07 00:38:54
1911,春分,1911-03-22 01:54:26
1911,清明,1911-04-06 06:04:38
1911,谷雨,1911-04-21 13:36:04
1911,立夏,1911-05-07 00:00:26
1911,小满,1911-05-22 13:18:39
1911,芒种,1911-06-07 04:37:58
1911,夏至,1911-06-22 21:35:30
1911,小暑,1911-07-08 15:04:57
1911,大暑,1911-07-24 08:28:37
1911,立秋,1911-08-09 00:44:28
1911,处暑,1911-08-24 15:13:03
1911,白露,1911-09-09 03:13:17
1911,秋分,1911-09-24 12:17:30
1911,寒露,1911-10-09 18:14:50
1911,霜降,1911-10-24 20:58:10
1911,立冬,1911-11-08 20:47:01
1911,小雪,1911-11-23 17:55:58
1911,大雪,1911-12-08 13:07:40
1911,冬至,1911-12-23 06:53:15
1912,小寒,1912-01-07 00:07:34
1912,大寒,1912-01-21 17:29:09
1912,立春,1912-02-05 11:53:35
1912,雨水,1912-02-20 07:55:35
1912,惊蛰,1912-03-06 06:21:03
1912,春分,1912-03-21 07:29:23
1912,清明,1912-04-05 11:48:24
1912,谷雨,1912-04-20 19:12:30
1912,立夏,1912-05-06 05:47:14
1912,小满,1912-05-21 18:57:18
1912,芒种,1912-06-06 10:27:39
1912,夏至,1912-06-22 03:17:02
1912,小暑,1912-07-07 20:56:49
1912,大暑,1912-07-23 14:13:49
1912,立秋,1912-08-08 06:37:16
1912,处暑,1912-08-23 21:01:24
1912,白露,1912-09-08 09:05:43
1912,秋分,1912-09-23 18:08:02
1912,寒露,1912-10-09 00:06:47
1912,霜降,1912-10-24 02:50:02
1912,立冬,1912-11-08 02:38:43
1912,小雪,1912-11-22 23:48:11
1912,大雪,1912-12-07 18:58:58
1912,冬至,1912-12-22 12:44:43
1913,小寒,1913-01-06 05:57:58
1913,大寒,1913-01-20 23:19:07
1913,立春,1913-02-04 17:42:40
1913,雨水,1913-02-19 13:44:15
1913,惊蛰,1913-03-06 12:09:01
1913,春分,1913-03-21 13:18:05
1913,清明,1913-04-05 17:36:00
1913,谷雨,1913-04-21 01:03:02
1913,立夏,1913-05-06 11:34:44
1913,小满,1913-05-22 00:49:57
1913,芒种,1913-06-06 16:13:31
1913,夏至,1913-06-22 09:09:35
1913,小暑,1913-07-08 02:39:05
1913,大暑,1913-07-23 20:03:49
1913,立秋,1913-08-08 12:15:57
1913,处暑,1913-08-24 02:48:14
1913,白露,1913-09-08 14:42:28
1913,秋分,1913-09-23 23:52:48
1913,寒露,1913-10-09 05:43:46
1913,霜降,1913-10-24 08:35:00
1913,立冬,1913-11-08 08:17:51
1913,小雪,1913-11-23 05:35:22
1913,大雪,1913-12-08 00:41:07
1913,冬至,1913-12-22 18:34:56
1914,小寒,1914-01-06 11:42:52
1914,大寒,1914-01-21 05:11:51
1914,立春,1914-02-04 23:29:15
1914,雨水,1914-02-19 19:37:57
1914,惊蛰,1914-03-06 17:55:49
1914,春分,1914-03-21 19:10:45
1914,清明,1914-04-05 23:21:55
1914,谷雨,1914-04-21 06:53:15
1914,立夏,1914-05-06 17:20:10
1914,小满,1914-05-22 06:37:40
1914,芒种,1914-06-06 22:00:03
1914,夏至,1914-06-22 14:55:07
1914,小暑,1914-07-08 08:27:21
1914,大暑,1914-07-24 01:47:05
1914,立秋,1914-08-08 18:05:20
1914,处暑,1914-08-24 08:29:45
1914,白露,1914-09-08 20:32:32
1914,秋分,1914-09-24 05:33:56
1914,寒露,1914-10-09 11:34:56
1914,霜降,1914-10-24 14:17:28
1914,立冬,1914-11-08 14:11:13
1914,小雪,1914-11-23 11:20:29
1914,大雪,1914-12-08 06:37:10
1914,冬至,1914-12-23 00:22:23
1915,小寒,1915-01-06 17:40:20
1915,大寒,1915-01-21 10:59:33
1915,立春,1915-02-05 05:25:33
1915,雨水,1915-02-20 01:23:06
1915,惊蛰,1915-03-06 23:48:20
1915,春分,1915-03-22 00:51:14
1915,清明,1915-04-06 05:09:17
1915,谷雨,1915-04-21 12:28:47
1915,立夏,1915-05-06 23:02:47
1915,小满,1915-05-22 12:10:29
1915,芒种,1915-06-07 03:40:11
1915,夏至,1915-06-22 20:29:28
1915,小暑,1915-07-08 14:07:48
1915,大暑,1915-07-24 07:26:24
1915,立秋,1915-08-08 23:47:41
1915,处暑,1915-08-24 14:14:57
1915,白露,1915-09-09 02:17:06
1915,秋分,1915-09-24 11:23:46
1915,寒露,1915-10-09 17:20:58
1915,霜降,1915-10-24 20:09:42
1915,立冬,1915-11-08 19:57:43
1915,小雪,1915-11-23 17:13:25
1915,大雪,1915-12-08 12:23:53
1915,冬至,1915-12-23 06:15:41
1916,小寒,1916-01-06 23:27:46
1916,大寒,1916-01-21 16:53:36
1916,立春,1916-02-05 11:14:02
1916,雨水,1916-02-20 07:18:06
1916,惊蛰,1916-03-06 05:37:25
1916,春分,1916-03-21 06:46:57
1916,清明,1916-04-05 10:57:51
1916,谷雨,1916-04-20 18:24:38
1916,立夏,1916-05-06 04:49:49
1916,小满,1916-05-21 18:05:54
1916,芒种,1916-06-06 09:25:48
1916,夏至,1916-06-22 02:24:28
1916,小暑,1916-07-07 19:53:40
1916,大暑,1916-07-23 13:21:12
1916,立秋,1916-08-08 05:35:00
1916,处暑,1916-08-23 20:08:34
1916,白露,1916-09-08 08:05:02
1916,秋分,1916-09-23 17:14:45
1916,寒露,1916-10-08 23:07:50
1916,霜降,1916-10-24 01:57:12
1916,立冬,1916-11-08 01:42:13
1916,小雪,1916-11-22 22:57:46
1916,大雪,1916-12-07 18:06:09
1916,冬至,1916-12-22 11:58:33
1917,小寒,1917-01-06 05:09:30
1917,大寒,1917-01-20 22:37:21
1917,立春,1917-02-04 16:57:36
1917,雨水,1917-02-19 13:04:46
1917,惊蛰,1917-03-06 11:24:52
1917,春分,1917-03-21 12:37:11
1917,清明,1917-04-05 16:49:58
1917,谷雨,1917-04-21 00:17:24
1917,立夏,1917-05-06 10:45:48
1917,小满,1917-05-21 23:58:36
1917,芒种,1917-06-06 15:23:16
1917,夏至,1917-06-22 08:14:21
1917,小暑,1917-07-08 01:50:15
1917,大暑,1917-07-23 19:07:51
1917,立秋,1917-08-08 11:30:11
1917,处暑,1917-08-24 01:53:46
1917,白露,1917-09-08 13:59:29
1917,秋分,1917-09-23 23:00:15
1917,寒露,1917-10-09 05:02:14
1917,霜降,1917-10-24 07:43:39
1917,立冬,1917-11-08 07:36:54
1917,小雪,1917-11-23 04:44:47
1917,大雪,1917-12-08 00:00:59
1917,冬至,1917-12-22 17:45:37
1918,小寒,1918-01-06 11:04:31
1918,大寒,1918-01-21 04:24:37
1918,立春,1918-02-04 22:53:10
1918,雨水,1918-02-19 18:52:39
1918,惊蛰,1918-03-06 17:20:53
1918,春分,1918-03-21 18:25:36
1918,清明,1918-04-05 22:45:16
1918,谷雨,1918-04-21 06:05:32
1918,立夏,1918-05-06 16:38:19
1918,小满,1918-05-22 05:45:38
1918,芒种,1918-06-06 21:11:05
1918,夏至,1918-06-22 13:59:43
1918,小暑,1918-07-08 07:32:16
1918,大暑,1918-07-24 00:51:32
1918,立秋,1918-08-08 17:07:34
1918,处暑,1918-08-24 07:37:13
1918,白露,1918-09-08 19:35:35
1918,秋分,1918-09-24 04:45:42
1918,寒露,1918-10-09 10:40:25
1918,霜降,1918-10-24 13:32:52
1918,立冬,1918-11-08 13:18:57
1918,小雪,1918-11-23 10:38:07
1918,大雪,1918-12-08 05:46:33
1918,冬至,1918-12-22 23:41:33
1919,小寒,1919-01-06 16:51:32
1919,大寒,1919-01-21 10:20:47
1919,立春,1919-02-05 04:39:26
1919,雨水,1919-02-20 00:47:29
1919,惊蛰,1919-03-06 23:05:30
1919,春分,1919-03-22 00:19:08
1919,清明,1919-04-06 04:28:47
1919,谷雨,1919-04-21 12:58:42
1919,立夏,1919-05-06 23:22:07
1919,小满,1919-05-22 12:39:09
1919,芒种,1919-06-07 03:56:41
1919,夏至,1919-06-22 20:53:30
1919,小暑,1919-07-08 14:20:33
1919,大暑,1919-07-24 07:44:27
1919,立秋,1919-08-08 23:58:05
1919,处暑,1919-08-24 14:28:18
1919,白露,1919-09-09 02:27:34
1919,秋分,1919-09-24 11:35:13
1919,寒露,1919-10-09 16:33:11
1919,霜降,1919-10-24 19:21:14
1919,立冬,1919-11-08 19:11:33
1919,小雪,1919-11-23 16:25:16
1919,大雪,1919-12-08 11:37:56
1919,冬至,1919-12-23 05:27:09
1920,小寒,1920-01-06 22:40:53
1920,大寒,1920-01-21 16:04:23
1920,立春,1920-02-05 10:26:31
1920,雨水,1920-02-20 06:29:00
1920,惊蛰,1920-03-06 04:51:08
1920,春分,1920-03-21 05:59:21
1920,清明,1920-04-05 10:15:04
1920,谷雨,1920-04-20 17:39:16
1920,立夏,1920-05-06 04:11:27
1920,小满,1920-05-21 17:21:52
1920,芒种,1920-06-06 08:50:29
1920,夏至,1920-06-22 01:39:52
1920,小暑,1920-07-07 19:18:40
1920,大暑,1920-07-23 12:34:59
1920,立秋,1920-08-08 04:58:16
1920,处暑,1920-08-23 19:21:17
1920,白露,1920-09-08 07:26:31
1920,秋分,1920-09-23 16:28:02
1920,寒露,1920-10-08 22:29:07
1920,霜降,1920-10-24 01:12:35
1920,立冬,1920-11-08 01:04:56
1920,小雪,1920-11-22 22:15:25
1920,大雪,1920-12-07 17:30:21
1920,冬至,1920-12-22 11:17:00
1921,小寒,1921-01-06 04:33:44
1921,大寒,1921-01-20 21:54:40
1921,立春,1921-02-04 16:20:10
1921,雨水,1921-02-19 12:19:55
1921,惊蛰,1921-03-06 10:45:08
1921,春分,1921-03-21 11:51:03
1921,清明,1921-04-05 16:08:46
1921,谷雨,1921-04-20 23:32:21
1921,立夏,1921-05-06 10:04:20
1921,小满,1921-05-21 23:16:48
1921,芒种,1921-06-06 14:41:34
1921,夏至,1921-06-22 07:35:47
1921,小暑,1921-07-08 01:06:49
1921,大暑,1921-07-23 18:30:23
1921,立秋,1921-08-08 10:43:34
1921,处暑,1921-08-24 01:15:09
1921,白露,1921-09-08 13:09:41
1921,秋分,1921-09-23 22:19:45
1921,寒露,1921-10-09 04:10:39
1921,霜降,1921-10-24 07:02:21
1921,立冬,1921-11-08 06:45:34
1921,小雪,1921-11-23 04:04:32
1921,大雪,1921-12-07 23:11:27
1921,冬至,1921-12-22 17:07:26
1922,小寒,1922-01-06 10:16:56
1922,大寒,1922-01-21 03:48:00
1922,立春,1922-02-04 22:06:28
1922,雨水,1922-02-19 18:16:16
1922,惊蛰,1922-03-06 16:33:54
1922,春分,1922-03-21 17:48:40
1922,清明,1922-04-05 21:58:05
1922,谷雨,1922-04-21 05:28:35
1922,立夏,1922-05-06 15:52:55
1922,小满,1922-05-22 05:10:14
1922,芒种,1922-06-06 20:30:24
1922,夏至,1922-06-22 13:26:48
1922,小暑,1922-07-08 06:57:40
1922,大暑,1922-07-24 00:19:53
1922,立秋,1922-08-08 16:37:18
1922,处暑,1922-08-24 07:04:18
1922,白露,1922-09-08 19:06:21
1922,秋分,1922-09-24 04:09:36
1922,寒露,1922-10-09 10:09:30
1922,霜降,1922-10-24 12:53:01
1922,立冬,1922-11-08 12:45:22
1922,小雪,1922-11-23 09:55:16
1922,大雪,1922-12-08 05:10:42
1922,冬至,1922-12-22 22:56:54
1923,小寒,1923-01-06 16:14:07
1923,大寒,1923-01-21 09:34:55
1923,立春,1923-02-05 04:00:32
1923,雨水,1923-02-19 23:59:53
1923,惊蛰,1923-03-06 22:24:40
1923,春分,1923-03-21 23:28:50
1923,清明,1923-04-06 03:45:55
1923,谷雨,1923-04-21 11:05:38
1923,立夏,1923-05-06 21:38:18
1923,小满,1923-05-22 10:45:17
1923,芒种,1923-06-07 02:14:19
1923,夏至,1923-06-22 19:02:46
1923,小暑,1923-07-08 12:42:11
1923,大暑,1923-07-24 06:00:32
1923,立秋,1923-08-08 22:24:31
1923,处暑,1923-08-24 12:51:47
1923,白露,1923-09-09 00:57:13
1923,秋分,1923-09-24 10:03:32
1923,寒露,1923-10-09 16:03:27
1923,霜降,1923-10-24 18:50:51
1923,立冬,1923-11-08 18:40:23
1923,小雪,1923-11-23 15:53:37
1923,大雪,1923-12-08 11:04:37
1923,冬至,1923-12-23 04:53:18
1924,小寒,1924-01-06 22:05:42
1924,大寒,1924-01-21 15:28:34
1924,立春,1924-02-05 09:49:48
1924,雨水,1924-02-20 05:51:35
1924,惊蛰,1924-03-06 04:12:27
1924,春分,1924-03-21 05:20:21
1924,清明,1924-04-05 09:33:16
1924,谷雨,1924-04-20 16:58:43
1924,立夏,1924-05-06 03:25:46
1924,小满,1924-05-21 16:40:32
1924,芒种,1924-06-06 08:01:41
1924,夏至,1924-06-22 00:59:24
1924,小暑,1924-07-07 18:29:29
1924,大暑,1924-07-23 11:57:28
1924,立秋,1924-08-08 04:12:19
1924,处暑,1924-08-23 18:48:00
1924,白露,1924-09-08 06:45:40
1924,秋分,1924-09-23 15:58:24
1924,寒露,1924-10-08 21:52:16
1924,霜降,1924-10-24 00:44:28
1924,立冬,1924-11-08 00:29:11
1924,小雪,1924-11-22 21:46:21
1924,大雪,1924-12-07 16:52:54
1924,冬至,1924-12-22 10:45:23
1925,小寒,1925-01-06 03:53:12
1925,大寒,1925-01-20 21:20:10
1925,立春,1925-02-04 15:36:47
1925,雨水,1925-02-19 11:43:00
1925,惊蛰,1925-03-06 09:59:52
1925,春分,1925-03-21 11:12:06
1925,清明,1925-04-05 15:22:31
1925,谷雨,1925-04-20 22:51:07
1925,立夏,1925-05-06 09:17:57
1925,小满,1925-05-21 22:32:57
1925,芒种,1925-06-06 13:56:28
1925,夏至,1925-06-22 06:50:00
1925,小暑,1925-07-08 00:25:01
1925,大暑,1925-07-23 17:44:58
1925,立秋,1925-08-08 10:07:14
1925,处暑,1925-08-24 00:33:17
1925,白露,1925-09-08 12:40:12
1925,秋分,1925-09-23 21:43:31
1925,寒露,1925-10-09 03:47:31
1925,霜降,1925-10-24 06:31:09
1925,立冬,1925-11-08 06:26:17
1925,小雪,1925-11-23 03:35:25
1925,大雪,1925-12-07 22:52:20
1925,冬至,1925-12-22 16:36:37
1926,小寒,1926-01-06 09:54:25
1926,大寒,1926-01-21 03:12:28
1926,立春,1926-02-04 21:38:19
1926,雨水,1926-02-19 17:34:38
1926,惊蛰,1926-03-06 15:59:38
1926,春分,1926-03-21 17:01:06
1926,清明,1926-04-05 21:18:21
1926,谷雨,1926-04-21 04:36:12
1926,立夏,1926-05-06 15:08:27
1926,小满,1926-05-22 04:14:35
1926,芒种,1926-06-06 19:41:41
1926,夏至,1926-06-22 12:30:02
1926,小暑,1926-07-08 06:05:38
1926,大暑,1926-07-23 23:24:49
1926,立秋,1926-08-08 15:44:19
1926,处暑,1926-08-24 06:14:00
1926,白露,1926-09-08 18:15:58
1926,秋分,1926-09-24 03:26:34
1926,寒露,1926-10-09 09:24:54
1926,霜降,1926-10-24 12:18:13
1926,立冬,1926-11-08 12:07:44
1926,小雪,1926-11-23 09:27:35
1926,大雪,1926-12-08 04:38:44
1926,冬至,1926-12-22 22:33:25
1927,小寒,1927-01-06 15:44:44
1927,大寒,1927-01-21 09:11:56
1927,立春,1927-02-05 03:30:06
1927,雨水,1927-02-19 23:34:18
1927,惊蛰,1927-03-06 21:50:19
1927,春分,1927-03-21 22:59:08
1927,清明,1927-04-06 03:06:13
1927,谷雨,1927-04-21 10:31:49
1927,立夏,1927-05-06 20:53:15
1927,小满,1927-05-22 10:07:58
1927,芒种,1927-06-07 01:24:54
1927,夏至,1927-06-22 18:22:12
1927,小暑,1927-07-08 11:50:03
1927,大暑,1927-07-24 05:16:45
1927,立秋,1927-08-08 21:31:31
1927,处暑,1927-08-24 12:05:29
1927,白露,1927-09-09 00:05:28
1927,秋分,1927-09-24 09:16:55
1927,寒露,1927-10-09 15:15:08
1927,霜降,1927-10-24 18:06:47
1927,立冬,1927-11-08 17:57:03
1927,小雪,1927-11-23 15:14:08
1927,大雪,1927-12-08 10:26:28
1927,冬至,1927-12-23 04:18:35
1928,小寒,1928-01-06 21:31:19
1928,大寒,1928-01-21 14:56:43
1928,立春,1928-02-05 09:16:30
1928,雨水,1928-02-20 05:19:19
1928,惊蛰,1928-03-06 03:37:26
1928,春分,1928-03-21 04:44:21
1928,清明,1928-04-05 08:54:45
1928,谷雨,1928-04-20 16:16:51
1928,立夏,1928-05-06 02:43:40
1928,小满,1928-05-21 15:52:28
1928,芒种,1928-06-06 07:17:17
1928,夏至,1928-06-22 00:06:33
1928,小暑,1928-07-07 17:44:26
1928,大暑,1928-07-23 11:02:28
1928,立秋,1928-08-08 03:27:40
1928,处暑,1928-08-23 17:53:16
1928,白露,1928-09-08 06:01:51
1928,秋分,1928-09-23 15:05:31
1928,寒露,1928-10-08 21:09:58
1928,霜降,1928-10-23 23:54:34
1928,立冬,1928-11-07 23:49:42
1928,小雪,1928-11-22 21:00:21
1928,大雪,1928-12-07 16:17:28
1928,冬至,1928-12-22 10:03:43
1929,小寒,1929-01-06 03:22:07
1929,大寒,1929-01-20 20:42:12
1929,立春,1929-02-04 15:08:44
1929,雨水,1929-02-19 11:06:51
1929,惊蛰,1929-03-06 09:32:03
1929,春分,1929-03-21 10:34:56
1929,清明,1929-04-05 14:51:24
1929,谷雨,1929-04-20 22:10:26
1929,立夏,1929-05-06 08:40:27
1929,小满,1929-05-21 21:47:43
1929,芒种,1929-06-06 13:10:58
1929,夏至,1929-06-22 06:00:48
1929,小暑,1929-07-07 23:31:53
1929,大暑,1929-07-23 16:53:26
1929,立秋,1929-08-08 09:08:53
1929,处暑,1929-08-23 23:41:21
1929,白露,1929-09-08 11:39:46
1929,秋分,1929-09-23 20:52:25
1929,寒露,1929-10-09 02:47:14
1929,霜降,1929-10-24 05:41:36
1929,立冬,1929-11-08 05:27:36
1929,小雪,1929-11-23 02:48:11
1929,大雪,1929-12-07 21:56:28
1929,冬至,1929-12-22 15:52:46
1930,小寒,1930-01-06 09:02:34
1930,大寒,1930-01-21 02:33:01
1930,立春,1930-02-04 20:51:09
1930,雨水,1930-02-19 16:59:51
1930,惊蛰,1930-03-06 15:16:36
1930,春分,1930-03-21 16:29:48
1930,清明,1930-04-05 20:37:26
1930,谷雨,1930-04-21 04:05:49
1930,立夏,1930-05-06 14:27:04
1930,小满,1930-05-22 03:42:02
1930,芒种,1930-06-06 18:58:09
1930,夏至,1930-06-22 11:52:51
1930,小暑,1930-07-08 05:19:49
1930,大暑,1930-07-23 22:42:00
1930,立秋,1930-08-08 14:57:02
1930,处暑,1930-08-24 05:26:20
1930,白露,1930-09-08 17:28:23
1930,秋分,1930-09-24 02:36:00
1930,寒露,1930-10-09 08:37:38
1930,霜降,1930-10-24 11:26:13
1930,立冬,1930-11-08 11:20:25
1930,小雪,1930-11-23 08:34:33
1930,大雪,1930-12-08 03:50:38
1930,冬至,1930-12-22 21:39:29
1931,小寒,1931-01-06 14:55:38
1931,大寒,1931-01-21 08:17:33
1931,立春,1931-02-05 02:40:47
1931,雨水,1931-02-19 22:40:22
1931,惊蛰,1931-03-06 21:02:14
1931,春分,1931-03-21 22:06:18
1931,清明,1931-04-06 02:20:30
1931,谷雨,1931-04-21 09:39:46
1931,立夏,1931-05-06 20:09:38
1931,小满,1931-05-22 09:15:24
1931,芒种,1931-06-07 00:41:47
1931,夏至,1931-06-22 17:28:06
1931,小暑,1931-07-08 11:05:36
1931,大暑,1931-07-24 04:21:25
1931,立秋,1931-08-08 20:44:55
1931,处暑,1931-08-24 11:10:17
1931,白露,1931-09-08 23:17:20
1931,秋分,1931-09-24 08:23:18
1931,寒露,1931-10-09 14:26:58
1931,霜降,1931-10-24 17:15:32
1931,立冬,1931-11-08 17:09:59
1931,小雪,1931-11-23 14:24:44
1931,大雪,1931-12-08 09:40:22
1931,冬至,1931-12-23 03:29:37
1932,小寒,1932-01-06 20:45:11
1932,大寒,1932-01-21 14:06:53
1932,立春,1932-02-05 08:29:28
1932,雨水,1932-02-20 04:28:28
1932,惊蛰,1932-03-06 02:49:26
1932,春分,1932-03-21 03:53:40
1932,清明,1932-04-05 08:06:23
1932,谷雨,1932-04-20 15:28:09
1932,立夏,1932-05-06 01:55:15
1932,小满,1932-05-21 15:06:44
1932,芒种,1932-06-06 06:27:55
1932,夏至,1932-06-21 23:22:42
1932,小暑,1932-07-07 16:52:22
1932,大暑,1932-07-23 10:18:00
1932,立秋,1932-08-08 02:31:54
1932,处暑,1932-08-23 17:06:15
1932,白露,1932-09-08 05:02:58
1932,秋分,1932-09-23 14:15:54
1932,寒露,1932-10-08 20:09:38
1932,霜降,1932-10-23 23:03:51
1932,立冬,1932-11-07 22:49:37
1932,小雪,1932-11-22 20:10:06
1932,大雪,1932-12-07 15:18:22
1932,冬至,1932-12-22 09:14:18
1933,小寒,1933-01-06 02:23:26
1933,大寒,1933-01-20 19:52:47
1933,立春,1933-02-04 14:09:20
1933,雨水,1933-02-19 10:16:19
1933,惊蛰,1933-03-06 08:31:26
1933,春分,1933-03-21 09:43:06
1933,清明,1933-04-05 13:50:35
1933,谷雨,1933-04-20 21:18:20
1933,立夏,1933-05-06 07:41:57
1933,小满,1933-05-21 20:56:55
1933,芒种,1933-06-06 12:17:34
1933,夏至,1933-06-22 05:11:58
1933,小暑,1933-07-07 22:44:30
1933,大暑,1933-07-23 16:05:35
1933,立秋,1933-08-08 08:25:39
1933,处暑,1933-08-23 22:52:29
1933,白露,1933-09-08 10:57:32
1933,秋分,1933-09-23 20:01:12
1933,寒露,1933-10-09 02:03:56
1933,霜降,1933-10-24 04:48:05
1933,立冬,1933-11-08 04:42:57
1933,小雪,1933-11-23 01:53:23
1933,大雪,1933-12-07 21:11:06
1933,冬至,1933-12-22 14:57:30
1934,小寒,1934-01-06 08:16:37
1934,大寒,1934-01-21 01:36:58
1934,立春,1934-02-04 20:03:43
1934,雨水,1934-02-19 16:01:35
1934,惊蛰,1934-03-06 14:26:20
1934,春分,1934-03-21 15:27:52
1934,清明,1934-04-05 19:43:43
1934,谷雨,1934-04-21 03:00:12
1934,立夏,1934-05-06 13:30:47
1934,小满,1934-05-22 02:34:55
1934,芒种,1934-06-06 18:01:21
1934,夏至,1934-06-22 10:47:54
1934,小暑,1934-07-08 04:24:28
1934,大暑,1934-07-23 21:42:13
1934,立秋,1934-08-08 14:03:44
1934,处暑,1934-08-24 04:32:03
1934,白露,1934-09-08 16:36:09
1934,秋分,1934-09-24 01:45:05
1934,寒露,1934-10-09 07:44:58
1934,霜降,1934-10-24 10:36:12
1934,立冬,1934-11-08 10:26:44
1934,小雪,1934-11-23 07:44:23
1934,大雪,1934-12-08 02:56:38
1934,冬至,1934-12-22 20:49:29
1935,小寒,1935-01-06 14:02:27
1935,大寒,1935-01-21 07:28:24
1935,立春,1935-02-05 01:48:45
1935,雨水,1935-02-19 21:52:00
1935,惊蛰,1935-03-06 20:10:11
1935,春分,1935-03-21 21:17:47
1935,清明,1935-04-06 01:26:24
1935,谷雨,1935-04-21 08:50:11
1935,立夏,1935-05-06 19:12:09
1935,小满,1935-05-22 08:24:52
1935,芒种,1935-06-06 23:41:39
1935,夏至,1935-06-22 16:37:51
1935,小暑,1935-07-08 10:05:35
1935,大暑,1935-07-24 03:32:57
1935,立秋,1935-08-08 19:47:54
1935,处暑,1935-08-24 10:24:01
1935,白露,1935-09-08 22:24:05
1935,秋分,1935-09-24 07:38:05
1935,寒露,1935-10-09 13:35:36
1935,霜降,1935-10-24 16:29:09
1935,立冬,1935-11-08 16:17:31
1935,小雪,1935-11-23 13:35:26
1935,大雪,1935-12-08 08:44:52
1935,冬至,1935-12-23 02:37:07
1936,小寒,1936-01-06 19:46:39
1936,大寒,1936-01-21 13:12:16
1936,立春,1936-02-05 07:29:19
1936,雨水,1936-02-20 03:33:03
1936,惊蛰,1936-03-06 01:49:13
1936,春分,1936-03-21 02:57:52
1936,清明,1936-04-05 07:06:53
1936,谷雨,1936-04-20 14:31:09
1936,立夏,1936-05-06 00:56:37
1936,小满,1936-05-21 14:07:29
1936,芒种,1936-06-06 05:30:47
1936,夏至,1936-06-21 22:21:43
1936,小暑,1936-07-07 15:58:25
1936,大暑,1936-07-23 09:17:59
1936,立秋,1936-08-08 01:43:13
1936,处暑,1936-08-23 16:10:32
1936,白露,1936-09-08 04:20:35
1936,秋分,1936-09-23 13:25:55
1936,寒露,1936-10-08 19:32:27
1936,霜降,1936-10-23 22:18:03
1936,立冬,1936-11-07 22:14:42
1936,小雪,1936-11-22 19:25:00
1936,大雪,1936-12-07 14:42:16
1936,冬至,1936-12-22 08:26:36
1937,小寒,1937-01-06 01:43:46
1937,大寒,1937-01-20 19:00:57
1937,立春,1937-02-04 13:25:36
1937,雨水,1937-02-19 09:20:46
1937,惊蛰,1937-03-06 07:44:33
1937,春分,1937-03-21 08:45:12
1937,清明,1937-04-05 13:01:33
1937,谷雨,1937-04-20 20:19:17
1937,立夏,1937-05-06 06:50:40
1937,小满,1937-05-21 19:57:14
1937,芒种,1937-06-06 11:22:55
1937,夏至,1937-06-22 04:12:08
1937,小暑,1937-07-07 21:46:06
1937,大暑,1937-07-23 15:07:04
1937,立秋,1937-08-08 07:25:29
1937,处暑,1937-08-23 21:57:52
1937,白露,1937-09-08 09:59:28
1937,秋分,1937-09-23 19:12:55
1937,寒露,1937-10-09 01:11:00
1937,霜降,1937-10-24 04:06:35
1937,立冬,1937-11-08 03:55:21
1937,小雪,1937-11-23 01:16:33
1937,大雪,1937-12-07 20:26:19
1937,冬至,1937-12-22 14:21:40
1938,小寒,1938-01-06 07:31:09
1938,大寒,1938-01-21 00:58:46
1938,立春,1938-02-04 19:15:00
1938,雨水,1938-02-19 15:19:38
1938,惊蛰,1938-03-06 13:33:48
1938,春分,1938-03-21 14:43:04
1938,清明,1938-04-05 18:48:38
1938,谷雨,1938-04-21 02:14:40
1938,立夏,1938-05-06 12:35:06
1938,小满,1938-05-22 01:50:04
1938,芒种,1938-06-06 17:06:34
1938,夏至,1938-06-22 10:03:28
1938,小暑,1938-07-08 03:31:22
1938,大暑,1938-07-23 20:57:01
1938,立秋,1938-08-08 13:12:43
1938,处暑,1938-08-24 03:45:48
1938,白露,1938-09-08 15:48:09
1938,秋分,1938-09-24 00:59:34
1938,寒露,1938-10-09 07:01:30
1938,霜降,1938-10-24 09:53:54
1938,立冬,1938-11-08 09:48:24
1938,小雪,1938-11-23 07:06:04
1938,大雪,1938-12-08 02:21:55
1938,冬至,1938-12-22 20:13:20
1939,小寒,1939-01-06 13:27:55
1939,大寒,1939-01-21 06:50:47
1939,立春,1939-02-05 01:10:36
1939,雨水,1939-02-19 21:09:21
1939,惊蛰,1939-03-06 19:26:16
1939,春分,1939-03-21 20:28:26
1939,清明,1939-04-06 00:37:24
1939,谷雨,1939-04-21 07:55:02
1939,立夏,1939-05-06 18:21:00
1939,小满,1939-05-22 07:26:35
1939,芒种,1939-06-06 22:51:35
1939,夏至,1939-06-22 15:39:21
1939,小暑,1939-07-08 09:18:16
1939,大暑,1939-07-24 02:36:35
1939,立秋,1939-08-08 19:03:24
1939,处暑,1939-08-24 09:31:07
1939,白露,1939-09-08 21:42:01
1939,秋分,1939-09-24 06:49:25
1939,寒露,1939-10-09 12:56:39
1939,霜降,1939-10-24 15:45:49
1939,立冬,1939-11-08 15:43:30
1939,小雪,1939-11-23 12:58:22
1939,大雪,1939-12-08 08:16:53
1939,冬至,1939-12-23 02:05:46
1940,小寒,1940-01-06 19:23:34
1940,大寒,1940-01-21 12:44:00
1940,立春,1940-02-05 07:07:32
1940,雨水,1940-02-20 03:03:45
1940,惊蛰,1940-03-06 01:24:00
1940,春分,1940-03-21 02:23:45
1940,清明,1940-04-05 06:34:35
1940,谷雨,1940-04-20 13:50:57
1940,立夏,1940-05-06 00:16:17
1940,小满,1940-05-21 13:23:06
1940,芒种,1940-06-06 05:44:06
1940,夏至,1940-06-21 22:36:24
1940,小暑,1940-07-07 16:08:03
1940,大暑,1940-07-23 09:34:02
1940,立秋,1940-08-08 01:51:35
1940,处暑,1940-08-23 16:28:33
1940,白露,1940-09-08 04:29:18
1940,秋分,1940-09-23 13:45:32
1940,寒露,1940-10-08 19:42:19
1940,霜降,1940-10-23 21:39:15
1940,立冬,1940-11-07 21:26:41
1940,小雪,1940-11-22 18:48:55
1940,大雪,1940-12-07 13:57:50
1940,冬至,1940-12-22 07:54:44
1941,小寒,1941-01-06 01:03:56
1941,大寒,1941-01-20 18:33:40
1941,立春,1941-02-04 12:49:45
1941,雨水,1941-02-19 08:56:25
1941,惊蛰,1941-03-06 07:10:06
1941,春分,1941-03-21 09:20:26
1941,清明,1941-04-05 13:25:02
1941,谷雨,1941-04-20 20:50:33
1941,立夏,1941-05-06 07:10:02
1941,小满,1941-05-21 20:22:55
1941,芒种,1941-06-06 11:39:22
1941,夏至,1941-06-22 04:33:18
1941,小暑,1941-07-07 22:03:08
1941,大暑,1941-07-23 15:26:11
1941,立秋,1941-08-08 07:45:53
1941,处暑,1941-08-23 22:16:56
1941,白露,1941-09-08 10:23:51
1941,秋分,1941-09-23 19:32:49
1941,寒露,1941-10-09 01:38:15
1941,霜降,1941-10-24 04:27:12
1941,立冬,1941-11-08 03:24:03
1941,小雪,1941-11-23 00:37:48
1941,大雪,1941-12-07 19:56:02
1941,冬至,1941-12-22 13:44:13
1942,小寒,1942-01-06 07:02:29
1942,大寒,1942-01-21 00:23:35
1942,立春,1942-02-04 19:48:39
1942,雨水,1942-02-19 15:46:43
1942,惊蛰,1942-03-06 14:09:20
1942,春分,1942-03-21 15:10:34
1942,清明,1942-04-05 19:23:55
1942,谷雨,1942-04-21 02:39:11
1942,立夏,1942-05-06 13:06:54
1942,小满,1942-05-22 02:08:41
1942,芒种,1942-06-06 17:32:30
1942,夏至,1942-06-22 10:16:14
1942,小暑,1942-07-08 03:51:46
1942,大暑,1942-07-23 21:07:26
1942,立秋,1942-08-08 13:30:19
1942,处暑,1942-08-24 03:58:12
1942,白露,1942-09-08 16:06:09
1942,秋分,1942-09-24 01:16:26
1942,寒露,1942-10-09 07:21:48
1942,霜降,1942-10-24 10:15:14
1942,立冬,1942-11-08 10:11:18
1942,小雪,1942-11-23 07:30:30
1942,大雪,1942-12-08 02:46:58
1942,冬至,1942-12-22 20:39:40
1943,小寒,1943-01-06 13:54:59
1943,大寒,1943-01-21 07:19:00
1943,立春,1943-02-05 01:40:10
1943,雨水,1943-02-19 21:40:20
1943,惊蛰,1943-03-06 19:58:33
1943,春分,1943-03-21 21:02:40
1943,清明,1943-04-06 01:11:12
1943,谷雨,1943-04-21 08:31:34
1943,立夏,1943-05-06 18:53:22
1943,小满,1943-05-22 08:02:48
1943,芒种,1943-06-06 23:18:55
1943,夏至,1943-06-22 16:12:09
1943,小暑,1943-07-08 09:38:47
1943,大暑,1943-07-24 03:04:27
1943,立秋,1943-08-08 19:18:31
1943,处暑,1943-08-24 09:54:58
1943,白露,1943-09-08 21:55:04
1943,秋分,1943-09-24 07:11:34
1943,寒露,1943-10-09 13:10:22
1943,霜降,1943-10-24 16:08:14
1943,立冬,1943-11-08 15:58:44
1943,小雪,1943-11-23 13:21:31
1943,大雪,1943-12-08 08:32:52
1943,冬至,1943-12-23 02:29:07
1944,小寒,1944-01-06 19:39:14
1944,大寒,1944-01-21 13:07:05
1944,立春,1944-02-05 07:22:54
1944,雨水,1944-02-20 03:27:06
1944,惊蛰,1944-03-06 01:40:28
1944,春分,1944-03-21 02:48:34
1944,清明,1944-04-05 06:54:05
1944,谷雨,1944-04-20 14:17:49
1944,立夏,1944-05-06 00:39:51
1944,小满,1944-05-21 13:50:50
1944,芒种,1944-06-06 05:10:58
1944,夏至,1944-06-21 22:02:17
1944,小暑,1944-07-07 15:36:02
1944,大暑,1944-07-23 08:55:51
1944,立秋,1944-08-08 01:18:48
1944,处暑,1944-08-23 15:46:25
1944,白露,1944-09-08 03:55:28
1944,秋分,1944-09-23 13:01:33
1944,寒露,1944-10-08 19:08:41
1944,霜降,1944-10-23 21:55:54
1944,立冬,1944-11-07 21:54:40
1944,小雪,1944-11-22 19:07:29
1944,大雪,1944-12-07 14:27:41
1944,冬至,1944-12-22 08:14:45
1945,小寒,1945-01-06 01:34:28
1945,大寒,1945-01-20 18:53:34
1945,立春,1945-02-04 13:19:23
1945,雨水,1945-02-19 09:14:50
1945,惊蛰,1945-03-06 07:38:04
1945,春分,1945-03-21 08:37:15
1945,清明,1945-04-05 12:51:52
1945,谷雨,1945-04-20 20:06:54
1945,立夏,1945-05-06 06:36:36
1945,小满,1945-05-21 19:40:16
1945,芒种,1945-06-06 11:05:26
1945,夏至,1945-06-22 03:52:07
1945,小暑,1945-07-07 21:26:49
1945,大暑,1945-07-23 14:45:24
1945,立秋,1945-08-08 07:05:02
1945,处暑,1945-08-23 21:35:11
1945,白露,1945-09-08 08:38:06
1945,秋分,1945-09-23 17:49:42
1945,寒露,1945-10-08 23:49:12
1945,霜降,1945-10-24 02:43:36
1945,立冬,1945-11-08 02:34:15
1945,小雪,1945-11-22 23:55:11
1945,大雪,1945-12-07 19:07:38
1945,冬至,1945-12-22 13:03:31
1946,小寒,1946-01-06 06:16:17
1946,大寒,1946-01-20 23:44:37
1946,立春,1946-02-04 18:03:54
1946,雨水,1946-02-19 14:08:34
1946,惊蛰,1946-03-06 12:24:40
1946,春分,1946-03-21 13:32:41
1946,清明,1946-04-05 17:38:34
1946,谷雨,1946-04-21 01:02:09
1946,立夏,1946-05-06 11:21:29
1946,小满,1946-05-22 01:33:52
1946,芒种,1946-06-06 16:48:43
1946,夏至,1946-06-22 09:44:19
1946,小暑,1946-07-08 03:10:53
1946,大暑,1946-07-23 20:37:02
1946,立秋,1946-08-08 12:51:39
1946,处暑,1946-08-24 03:26:20
1946,白露,1946-09-08 15:27:25
1946,秋分,1946-09-24 00:40:38
1946,寒露,1946-10-09 05:40:52
1946,霜降,1946-10-24 08:34:50
1946,立冬,1946-11-08 08:27:15
1946,小雪,1946-11-23 05:46:20
1946,大雪,1946-12-08 01:00:11
1946,冬至,1946-12-22 18:53:18
1947,小寒,1947-01-06 12:06:23
1947,大寒,1947-01-21 05:31:35
1947,立春,1947-02-04 23:50:28
1947,雨水,1947-02-19 19:51:57
1947,惊蛰,1947-03-06 18:08:01
1947,春分,1947-03-21 19:12:40
1947,清明,1947-04-05 23:20:12
1947,谷雨,1947-04-21 07:39:25
1947,立夏,1947-05-06 18:03:02
1947,小满,1947-05-22 07:09:05
1947,芒种,1947-06-06 22:31:15
1947,夏至,1947-06-22 15:18:50
1947,小暑,1947-07-08 08:55:48
1947,大暑,1947-07-24 02:14:09
1947,立秋,1947-08-08 18:40:48
1947,处暑,1947-08-24 09:08:55
1947,白露,1947-09-08 21:21:01
1947,秋分,1947-09-24 06:28:34
1947,寒露,1947-10-09 12:37:17
1947,霜降,1947-10-24 15:25:47
1947,立冬,1947-11-08 14:24:21
1947,小雪,1947-11-23 11:37:31
1947,大雪,1947-12-08 06:56:09
1947,冬至,1947-12-23 00:42:39
1948,小寒,1948-01-06 18:00:14
1948,大寒,1948-01-21 11:18:23
1948,立春,1948-02-05 05:42:05
1948,雨水,1948-02-20 01:36:42
1948,惊蛰,1948-03-05 23:57:58
1948,春分,1948-03-21 00:56:48
1948,清明,1948-04-05 05:09:23
1948,谷雨,1948-04-20 12:24:56
1948,立夏,1948-05-05 23:52:19
1948,小满,1948-05-21 12:57:46
1948,芒种,1948-06-06 04:20:29
1948,夏至,1948-06-21 21:10:41
1948,小暑,1948-07-07 14:43:34
1948,大暑,1948-07-23 08:07:30
1948,立秋,1948-08-08 00:26:22
1948,处暑,1948-08-23 15:02:29
1948,白露,1948-09-08 03:05:01
1948,秋分,1948-09-23 12:21:38
1948,寒露,1948-10-08 17:20:16
1948,霜降,1948-10-23 20:17:57
1948,立冬,1948-11-07 20:06:31
1948,小雪,1948-11-22 17:28:48
1948,大雪,1948-12-07 12:37:37
1948,冬至,1948-12-22 06:33:15
1949,小寒,1949-01-05 23:41:08
1949,大寒,1949-01-20 17:08:34
1949,立春,1949-02-04 11:22:48
1949,雨水,1949-02-19 07:27:04
1949,惊蛰,1949-03-06 05:39:13
1949,春分,1949-03-21 06:48:02
1949,清明,1949-04-05 10:51:56
1949,谷雨,1949-04-20 18:17:18
1949,立夏,1949-05-06 05:36:39
1949,小满,1949-05-21 18:50:41
1949,芒种,1949-06-06 09:06:54
1949,夏至,1949-06-22 02:02:44
1949,小暑,1949-07-07 19:31:40
1949,大暑,1949-07-23 12:56:43
1949,立秋,1949-08-08 05:15:00
1949,处暑,1949-08-23 19:48:16
1949,白露,1949-09-08 07:54:09
1949,秋分,1949-09-23 17:05:50
1949,寒露,1949-10-08 23:11:00
1949,霜降,1949-10-24 02:02:58
1949,立冬,1949-11-08 01:59:45
1949,小雪,1949-11-22 23:16:05
1949,大雪,1949-12-07 18:33:28
1949,冬至,1949-12-22 12:22:58
1950,小寒,1950-01-06 05:38:51
1950,大寒,1950-01-20 22:59:39
1950,立春,1950-02-04 17:20:46
1950,雨水,1950-02-19 13:17:23
1950,惊蛰,1950-03-06 11:35:22
1950,春分,1950-03-21 12:35:03
1950,清明,1950-04-05 16:44:31
1950,谷雨,1950-04-20 23:59:10
1950,立夏,1950-05-06 10:24:48
1950,小满,1950-05-21 23:27:13
1950,芒种,1950-06-06 14:51:03
1950,夏至,1950-06-22 07:36:06
1950,小暑,1950-07-08 01:13:20
1950,大暑,1950-07-23 18:30:00
1950,立秋,1950-08-08 10:55:16
1950,处暑,1950-08-24 01:23:15
1950,白露,1950-09-08 13:33:44
1950,秋分,1950-09-23 22:43:34
1950,寒露,1950-10-09 04:51:43
1950,霜降,1950-10-24 07:44:44
1950,立冬,1950-11-08 07:43:46
1950,小雪,1950-11-23 05:02:32
1950,大雪,1950-12-08 00:21:45
1950,冬至,1950-12-22 18:13:25
1951,小寒,1951-01-06 11:30:30
1951,大寒,1951-01-21 04:52:09
1951,立春,1951-02-04 23:13:30
1951,雨水,1951-02-19 19:09:41
1951,惊蛰,1951-03-06 17:26:40
1951,春分,1951-03-21 18:25:44
1951,清明,1951-04-05 22:32:39
1951,谷雨,1951-04-21 05:48:09
1951,立夏,1951-05-06 16:09:18
1951,小满,1951-05-22 05:15:27
1951,芒种,1951-06-06 20:32:36
1951,夏至,1951-06-22 13:24:49
1951,小暑,1951-07-08 06:53:54
1951,大暑,1951-07-24 00:20:38
1951,立秋,1951-08-08 16:37:29
1951,处暑,1951-08-24 07:16:02
1951,白露,1951-09-08 19:18:03
1951,秋分,1951-09-24 04:36:40
1951,寒露,1951-10-09 10:36:17
1951,霜降,1951-10-24 13:36:01
1951,立冬,1951-11-08 13:26:38
1951,小雪,1951-11-23 10:51:10
1951,大雪,1951-12-08 06:02:22
1951,冬至,1951-12-23 00:00:08
1952,小寒,1952-01-06 17:09:48
1952,大寒,1952-01-21 10:38:29
1952,立春,1952-02-05 04:52:59
1952,雨水,1952-02-20 00:56:48
1952,惊蛰,1952-03-05 23:07:25
1952,春分,1952-03-21 00:13:49
1952,清明,1952-04-05 04:15:11
1952,谷雨,1952-04-20 11:36:41
1952,立夏,1952-05-05 21:54:09
1952,小满,1952-05-21 11:03:52
1952,芒种,1952-06-06 02:20:24
1952,夏至,1952-06-21 19:12:34
1952,小暑,1952-07-07 12:44:43
1952,大暑,1952-07-23 06:07:32
1952,立秋,1952-08-07 22:31:00
1952,处暑,1952-08-23 13:02:50
1952,白露,1952-09-08 01:13:37
1952,秋分,1952-09-23 10:23:34
1952,寒露,1952-10-08 16:32:18
1952,霜降,1952-10-23 19:22:06
1952,立冬,1952-11-07 19:21:32
1952,小雪,1952-11-22 16:35:38
1952,大雪,1952-12-07 11:55:37
1952,冬至,1952-12-22 05:43:10
1953,小寒,1953-01-05 23:02:06
1953,大寒,1953-01-20 16:21:19
1953,立春,1953-02-04 10:45:56
1953,雨水,1953-02-19 06:41:05
1953,惊蛰,1953-03-06 05:02:32
1953,春分,1953-03-21 06:00:33
1953,清明,1953-04-05 10:12:42
1953,谷雨,1953-04-20 17:25:23
1953,立夏,1953-05-06 03:52:17
1953,小满,1953-05-21 16:52:50
1953,芒种,1953-06-06 08:16:07
1953,夏至,1953-06-22 01:00:00
1953,小暑,1953-07-07 18:34:59
1953,大暑,1953-07-23 11:52:11
1953,立秋,1953-08-08 04:14:38
1953,处暑,1953-08-23 18:45:11
1953,白露,1953-09-08 06:52:47
1953,秋分,1953-09-23 16:05:54
1953,寒露,1953-10-08 22:10:29
1953,霜降,1953-10-24 01:06:15
1953,立冬,1953-11-08 01:00:58
1953,小雪,1953-11-22 22:22:00
1953,大雪,1953-12-07 17:36:58
1953,冬至,1953-12-22 11:31:24
1954,小寒,1954-01-06 04:45:19
1954,大寒,1954-01-20 22:11:07
1954,立春,1954-02-04 16:30:47
1954,雨水,1954-02-19 12:32:26
1954,惊蛰,1954-03-06 10:48:37
1954,春分,1954-03-21 11:53:29
1954,清明,1954-04-05 15:59:12
1954,谷雨,1954-04-20 23:19:33
1954,立夏,1954-05-06 09:38:10
1954,小满,1954-05-21 22:47:22
1954,芒种,1954-06-06 14:00:52
1954,夏至,1954-06-22 06:54:05
1954,小暑,1954-07-08 00:19:20
1954,大暑,1954-07-23 17:45:02
1954,立秋,1954-08-08 09:59:11
1954,处暑,1954-08-24 00:35:55
1954,白露,1954-09-08 12:37:53
1954,秋分,1954-09-23 21:55:17
1954,寒露,1954-10-09 03:57:23
1954,霜降,1954-10-24 06:56:28
1954,立冬,1954-11-08 06:50:37
1954,小雪,1954-11-23 04:14:11
1954,大雪,1954-12-07 23:28:25
1954,冬至,1954-12-22 17:24:18
1955,小寒,1955-01-06 10:35:56
1955,大寒,1955-01-21 04:02:00
1955,立春,1955-02-04 22:17:51
1955,雨水,1955-02-19 18:18:59
1955,惊蛰,1955-03-06 16:31:12
1955,春分,1955-03-21 17:35:14
1955,清明,1955-04-05 21:38:55
1955,谷雨,1955-04-21 04:57:56
1955,立夏,1955-05-06 15:18:04
1955,小满,1955-05-22 04:24:22
1955,芒种,1955-06-06 19:43:26
1955,夏至,1955-06-22 12:31:20
1955,小暑,1955-07-08 06:05:51
1955,大暑,1955-07-23 23:24:32
1955,立秋,1955-08-08 15:50:02
1955,处暑,1955-08-24 06:18:56
1955,白露,1955-09-08 18:31:46
1955,秋分,1955-09-24 03:40:54
1955,寒露,1955-10-09 09:52:11
1955,霜降,1955-10-24 12:43:03
1955,立冬,1955-11-08 12:45:14
1955,小雪,1955-11-23 10:00:52
1955,大雪,1955-12-08 05:22:53
1955,冬至,1955-12-22 23:10:56
1956,小寒,1956-01-06 16:30:28
1956,大寒,1956-01-21 09:48:28
1956,立春,1956-02-05 04:12:12
1956,雨水,1956-02-20 00:04:55
1956,惊蛰,1956-03-05 22:24:45
1956,春分,1956-03-20 23:20:32
1956,清明,1956-04-05 03:31:24
1956,谷雨,1956-04-20 10:43:39
1956,立夏,1956-05-05 21:10:10
1956,小满,1956-05-21 10:12:46
1956,芒种,1956-06-06 01:35:56
1956,夏至,1956-06-21 18:23:48
1956,小暑,1956-07-07 11:58:00
1956,大暑,1956-07-23 05:19:52
1956,立秋,1956-08-07 21:40:15
1956,处暑,1956-08-23 12:14:50
1956,白露,1956-09-08 00:19:05
1956,秋分,1956-09-23 09:35:08
1956,寒露,1956-10-08 15:36:02
1956,霜降,1956-10-23 18:34:24
1956,立冬,1956-11-07 18:25:58
1956,小雪,1956-11-22 15:49:54
1956,大雪,1956-12-07 11:02:10
1956,冬至,1956-12-22 04:59:33
1957,小寒,1957-01-05 22:10:30
1957,大寒,1957-01-20 15:38:43
1957,立春,1957-02-04 09:54:41
1957,雨水,1957-02-19 05:58:03
1957,惊蛰,1957-03-06 04:10:08
1957,春分,1957-03-21 05:16:31
1957,清明,1957-04-05 09:18:51
1957,谷雨,1957-04-20 16:41:16
1957,立夏,1957-05-06 02:58:26
1957,小满,1957-05-21 16:10:26
1957,芒种,1957-06-06 07:24:48
1957,夏至,1957-06-22 00:20:30
1957,小暑,1957-07-07 17:48:15
1957,大暑,1957-07-23 11:14:52
1957,立秋,1957-08-08 03:32:09
1957,处暑,1957-08-23 18:07:39
1957,白露,1957-09-08 06:12:19
1957,秋分,1957-09-23 15:26:13
1957,寒露,1957-10-08 21:30:05
1957,霜降,1957-10-24 00:24:19
1957,立冬,1957-11-08 00:20:06
1957,小雪,1957-11-22 21:39:06
1957,大雪,1957-12-07 16:56:02
1957,冬至,1957-12-22 10:48:42
1958,小寒,1958-01-06 04:04:29
1958,大寒,1958-01-20 21:28:32
1958,立春,1958-02-04 15:49:13
1958,雨水,1958-02-19 11:48:22
1958,惊蛰,1958-03-06 10:04:51
1958,春分,1958-03-21 11:05:45
1958,清明,1958-04-05 15:12:24
1958,谷雨,1958-04-20 22:26:59
1958,立夏,1958-05-06 08:49:13
1958,小满,1958-05-21 21:50:59
1958,芒种,1958-06-06 13:12:07
1958,夏至,1958-06-22 05:56:49
1958,小暑,1958-07-07 23:33:21
1958,大暑,1958-07-23 16:50:29
1958,立秋,1958-08-08 09:17:10
1958,处暑,1958-08-23 23:45:54
1958,白露,1958-09-08 11:58:48
1958,秋分,1958-09-23 21:08:43
1958,寒露,1958-10-09 03:19:05
1958,霜降,1958-10-24 06:11:14
1958,立冬,1958-11-08 06:11:53
1958,小雪,1958-11-23 03:29:07
1958,大雪,1958-12-07 22:49:40
1958,冬至,1958-12-22 16:39:44
1959,小寒,1959-01-06 09:58:22
1959,大寒,1959-01-21 03:18:52
1959,立春,1959-02-04 21:42:10
1959,雨水,1959-02-19 17:37:32
1959,惊蛰,1959-03-06 15:56:34
1959,春分,1959-03-21 16:54:31
1959,清明,1959-04-05 21:03:05
1959,谷雨,1959-04-21 04:16:35
1959,立夏,1959-05-06 14:38:47
1959,小满,1959-05-22 03:42:11
1959,芒种,1959-06-06 19:00:04
1959,夏至,1959-06-22 11:49:42
1959,小暑,1959-07-08 05:19:51
1959,大暑,1959-07-23 22:45:23
1959,立秋,1959-08-08 15:04:07
1959,处暑,1959-08-24 05:43:26
1959,白露,1959-09-08 17:47:51
1959,秋分,1959-09-24 03:08:19
1959,寒露,1959-10-09 09:09:44
1959,霜降,1959-10-24 12:10:59
1959,立冬,1959-11-08 12:02:04
1959,小雪,1959-11-23 09:26:58
1959,大雪,1959-12-08 04:37:17
1959,冬至,1959-12-22 22:34:22
1960,小寒,1960-01-06 15:42:28
1960,大寒,1960-01-21 09:10:06
1960,立春,1960-02-05 03:23:11
1960,雨水,1960-02-19 23:26:22
1960,惊蛰,1960-03-05 21:36:10
1960,春分,1960-03-20 22:42:44
1960,清明,1960-04-05 02:43:39
1960,谷雨,1960-04-20 10:05:56
1960,立夏,1960-05-05 20:22:39
1960,小满,1960-05-21 09:33:30
1960,芒种,1960-06-06 00:48:38
1960,夏至,1960-06-21 17:42:17
1960,小暑,1960-07-07 11:12:43
1960,大暑,1960-07-23 04:37:29
1960,立秋,1960-08-07 20:59:45
1960,处暑,1960-08-23 11:34:24
1960,白露,1960-09-07 23:45:19
1960,秋分,1960-09-23 08:58:51
1960,寒露,1960-10-08 15:08:40
1960,霜降,1960-10-23 18:01:54
1960,立冬,1960-11-07 18:02:06
1960,小雪,1960-11-22 15:18:27
1960,大雪,1960-12-07 10:37:47
1960,冬至,1960-12-22 04:25:54
1961,小寒,1961-01-05 21:42:35
1961,大寒,1961-01-20 15:01:03
1961,立春,1961-02-04 09:22:25
1961,雨水,1961-02-19 05:16:25
1961,惊蛰,1961-03-06 03:34:44
1961,春分,1961-03-21 04:32:08
1961,清明,1961-04-05 08:42:12
1961,谷雨,1961-04-20 15:55:03
1961,立夏,1961-05-06 02:21:15
1961,小满,1961-05-21 15:22:16
1961,芒种,1961-06-06 06:46:02
1961,夏至,1961-06-21 23:30:11
1961,小暑,1961-07-07 17:06:40
1961,大暑,1961-07-23 10:23:40
1961,立秋,1961-08-08 02:48:23
1961,处暑,1961-08-23 17:18:33
1961,白露,1961-09-08 05:29:15
1961,秋分,1961-09-23 14:42:26
1961,寒露,1961-10-08 20:51:00
1961,霜降,1961-10-23 23:47:24
1961,立冬,1961-11-07 23:46:17
1961,小雪,1961-11-22 21:07:42
1961,大雪,1961-12-07 16:25:57
1961,冬至,1961-12-22 10:19:26
1962,小寒,1962-01-06 03:34:56
1962,大寒,1962-01-20 20:57:54
1962,立春,1962-02-04 15:17:19
1962,雨水,1962-02-19 11:14:35
1962,惊蛰,1962-03-06 09:29:27
1962,春分,1962-03-21 10:29:32
1962,清明,1962-04-05 14:34:10
1962,谷雨,1962-04-20 21:50:39
1962,立夏,1962-05-06 08:09:25
1962,小满,1962-05-21 21:16:27
1962,芒种,1962-06-06 12:31:14
1962,夏至,1962-06-22 05:24:03
1962,小暑,1962-07-07 22:51:05
1962,大暑,1962-07-23 16:17:52
1962,立秋,1962-08-08 08:33:36
1962,处暑,1962-08-23 23:12:21
1962,白露,1962-09-08 11:15:17
1962,秋分,1962-09-23 20:35:12
1962,寒露,1962-10-09 02:37:57
1962,霜降,1962-10-24 05:40:05
1962,立冬,1962-11-08 05:34:55
1962,小雪,1962-11-23 03:01:47
1962,大雪,1962-12-07 22:16:31
1962,冬至,1962-12-22 16:15:12
1963,小寒,1963-01-06 09:26:26
1963,大寒,1963-01-21 02:53:56
1963,立春,1963-02-04 21:07:49
1963,雨水,1963-02-19 17:08:38
1963,惊蛰,1963-03-06 15:17:10
1963,春分,1963-03-21 16:19:35
1963,清明,1963-04-05 20:18:37
1963,谷雨,1963-04-21 03:36:01
1963,立夏,1963-05-06 13:51:56
1963,小满,1963-05-22 02:58:03
1963,芒种,1963-06-06 18:14:24
1963,夏至,1963-06-22 11:03:59
1963,小暑,1963-07-08 04:37:34
1963,大暑,1963-07-23 21:59:09
1963,立秋,1963-08-08 14:25:19
1963,处暑,1963-08-24 04:57:26
1963,白露,1963-09-08 17:11:44
1963,秋分,1963-09-24 02:23:26
1963,寒露,1963-10-09 08:36:13
1963,霜降,1963-10-24 11:28:49
1963,立冬,1963-11-08 11:32:22
1963,小雪,1963-11-23 08:49:19
1963,大雪,1963-12-08 04:12:38
1963,冬至,1963-12-22 22:01:50
1964,小寒,1964-01-06 15:22:23
1964,大寒,1964-01-21 08:41:04
1964,立春,1964-02-05 03:05:01
1964,雨水,1964-02-19 22:57:20
1964,惊蛰,1964-03-05 21:16:02
1964,春分,1964-03-20 22:09:50
1964,清明,1964-04-05 02:18:18
1964,谷雨,1964-04-20 09:27:06
1964,立夏,1964-05-05 19:51:00
1964,小满,1964-05-21 08:49:47
1964,芒种,1964-06-06 00:11:43
1964,夏至,1964-06-21 16:56:46
1964,小暑,1964-07-07 10:32:02
1964,大暑,1964-07-23 03:52:41
1964,立秋,1964-08-07 20:16:10
1964,处暑,1964-08-23 10:51:03
1964,白露,1964-09-07 22:59:29
1964,秋分,1964-09-23 08:16:35
1964,寒露,1964-10-08 14:21:28
1964,霜降,1964-10-23 17:20:32
1964,立冬,1964-11-07 17:15:03
1964,小雪,1964-11-22 14:38:49
1964,大雪,1964-12-07 09:53:03
1964,冬至,1964-12-22 03:49:34
1965,小寒,1965-01-05 21:02:00
1965,大寒,1965-01-20 14:28:55
1965,立春,1965-02-04 08:46:06
1965,雨水,1965-02-19 04:47:49
1965,惊蛰,1965-03-06 03:00:35
1965,春分,1965-03-21 04:04:45
1965,清明,1965-04-05 08:06:44
1965,谷雨,1965-04-20 15:26:08
1965,立夏,1965-05-06 01:41:38
1965,小满,1965-05-21 14:50:19
1965,芒种,1965-06-06 06:02:12
1965,夏至,1965-06-21 22:55:44
1965,小暑,1965-07-07 16:21:26
1965,大暑,1965-07-23 09:48:12
1965,立秋,1965-08-08 02:04:40
1965,处暑,1965-08-23 16:42:44
1965,白露,1965-09-08 04:47:55
1965,秋分,1965-09-23 14:06:03
1965,寒露,1965-10-08 20:11:08
1965,霜降,1965-10-23 23:09:55
1965,立冬,1965-11-07 23:06:27
1965,小雪,1965-11-22 20:29:05
1965,大雪,1965-12-07 15:45:30
1965,冬至,1965-12-22 09:40:27
1966,小寒,1966-01-06 02:54:26
1966,大寒,1966-01-20 20:19:42
1966,立春,1966-02-04 14:37:48
1966,雨水,1966-02-19 10:37:42
1966,惊蛰,1966-03-06 08:51:19
1966,春分,1966-03-21 09:52:51
1966,清明,1966-04-05 13:56:31
1966,谷雨,1966-04-20 21:11:31
1966,立夏,1966-05-06 07:30:28
1966,小满,1966-05-21 20:32:00
1966,芒种,1966-06-06 11:49:35
1966,夏至,1966-06-22 04:33:20
1966,小暑,1966-07-07 22:06:58
1966,大暑,1966-07-23 15:23:13
1966,立秋,1966-08-08 07:48:55
1966,处暑,1966-08-23 22:17:40
1966,白露,1966-09-08 10:31:56
1966,秋分,1966-09-23 19:43:01
1966,寒露,1966-10-09 01:56:39
1966,霜降,1966-10-24 04:50:42
1966,立冬,1966-11-08 04:55:18
1966,小雪,1966-11-23 02:14:07
1966,大雪,1966-12-07 21:37:51
1966,冬至,1966-12-22 15:28:11
1967,小寒,1967-01-06 08:48:24
1967,大寒,1967-01-21 02:07:32
1967,立春,1967-02-04 20:30:51
1967,雨水,1967-02-19 16:23:39
1967,惊蛰,1967-03-06 14:41:54
1967,春分,1967-03-21 15:36:48
1967,清明,1967-04-05 19:44:44
1967,谷雨,1967-04-21 02:55:12
1967,立夏,1967-05-06 13:17:27
1967,小满,1967-05-22 02:17:54
1967,芒种,1967-06-06 17:36:14
1967,夏至,1967-06-22 10:22:46
1967,小暑,1967-07-08 03:53:16
1967,大暑,1967-07-23 21:15:49
1967,立秋,1967-08-08 13:34:54
1967,处暑,1967-08-24 04:12:20
1967,白露,1967-09-08 16:17:39
1967,秋分,1967-09-24 01:37:52
1967,寒露,1967-10-09 07:41:06
1967,霜降,1967-10-24 10:43:43
1967,立冬,1967-11-08 10:37:24
1967,小雪,1967-11-23 08:04:31
1967,大雪,1967-12-08 03:17:29
1967,冬至,1967-12-22 21:16:20
1968,小寒,1968-01-06 14:26:09
1968,大寒,1968-01-21 07:54:07
1968,立春,1968-02-05 02:07:22
1968,雨水,1968-02-19 22:09:15
1968,惊蛰,1968-03-05 20:17:46
1968,春分,1968-03-20 21:22:05
1968,清明,1968-04-05 01:20:56
1968,谷雨,1968-04-20 08:41:13
1968,立夏,1968-05-05 18:55:51
1968,小满,1968-05-21 08:05:54
1968,芒种,1968-06-05 23:19:11
1968,夏至,1968-06-21 16:13:18
1968,小暑,1968-07-07 09:41:43
1968,大暑,1968-07-23 03:07:26
1968,立秋,1968-08-07 19:27:12
1968,处暑,1968-08-23 10:02:51
1968,白露,1968-09-07 22:11:20
1968,秋分,1968-09-23 07:26:10
1968,寒露,1968-10-08 13:34:20
1968,霜降,1968-10-23 16:29:36
1968,立冬,1968-11-07 16:29:17
1968,小雪,1968-11-22 13:48:33
1968,大雪,1968-12-07 09:08:15
1968,冬至,1968-12-22 02:59:46
1969,小寒,1969-01-05 20:16:49
1969,大寒,1969-01-20 13:38:11
1969,立春,1969-02-04 07:58:56
1969,雨水,1969-02-19 03:54:33
1969,惊蛰,1969-03-06 02:10:43
1969,春分,1969-03-21 03:08:12
1969,清明,1969-04-05 07:14:59
1969,谷雨,1969-04-20 14:26:54
1969,立夏,1969-05-06 00:49:50
1969,小满,1969-05-21 13:49:48
1969,芒种,1969-06-06 05:11:36
1969,夏至,1969-06-21 21:55:13
1969,小暑,1969-07-07 15:31:40
1969,大暑,1969-07-23 08:48:17
1969,立秋,1969-08-08 01:14:11
1969,处暑,1969-08-23 15:43:23
1969,白露,1969-09-08 03:55:27
1969,秋分,1969-09-23 13:06:54
1969,寒露,1969-10-08 19:16:45
1969,霜降,1969-10-23 22:11:06
1969,立冬,1969-11-07 22:11:26
1969,小雪,1969-11-22 19:31:06
1969,大雪,1969-12-07 14:51:20
1969,冬至,1969-12-22 08:43:42
1970,小寒,1970-01-06 02:01:42
1970,大寒,1970-01-20 19:23:53
1970,立春,1970-02-04 13:45:49
1970,雨水,1970-02-19 09:41:54
1970,惊蛰,1970-03-06 07:58:32
1970,春分,1970-03-21 08:56:24
1970,清明,1970-04-05 13:01:43
1970,谷雨,1970-04-20 20:14:55
1970,立夏,1970-05-06 06:33:41
1970,小满,1970-05-21 19:37:13
1970,芒种,1970-06-06 10:52:07
1970,夏至,1970-06-22 03:42:31
1970,小暑,1970-07-07 21:10:29
1970,大暑,1970-07-23 14:36:47
1970,立秋,1970-08-08 06:54:04
1970,处暑,1970-08-23 21:33:50
1970,白露,1970-09-08 09:37:51
1970,秋分,1970-09-23 18:59:00
1970,寒露,1970-10-09 01:01:36
1970,霜降,1970-10-24 04:04:20
1970,立冬,1970-11-08 03:57:45
1970,小雪,1970-11-23 01:24:33
1970,大雪,1970-12-07 20:37:17
1970,冬至,1970-12-22 14:35:44
1971,小寒,1971-01-06 07:45:12
1971,大寒,1971-01-21 01:12:51
1971,立春,1971-02-04 19:25:35
1971,雨水,1971-02-19 15:27:05
1971,惊蛰,1971-03-06 13:34:49
1971,春分,1971-03-21 14:38:09
1971,清明,1971-04-05 18:36:02
1971,谷雨,1971-04-21 01:54:10
1971,立夏,1971-05-06 12:08:09
1971,小满,1971-05-22 01:14:54
1971,芒种,1971-06-06 16:28:48
1971,夏至,1971-06-22 09:19:26
1971,小暑,1971-07-08 02:50:59
1971,大暑,1971-07-23 20:14:36
1971,立秋,1971-08-08 12:40:05
1971,处暑,1971-08-24 03:15:13
1971,白露,1971-09-08 15:30:10
1971,秋分,1971-09-24 00:44:54
1971,寒露,1971-10-09 06:58:33
1971,霜降,1971-10-24 09:53:05
1971,立冬,1971-11-08 09:56:30
1971,小雪,1971-11-23 07:13:47
1971,大雪,1971-12-08 02:35:33
1971,冬至,1971-12-22 20:23:43
1972,小寒,1972-01-06 13:41:45
1972,大寒,1972-01-21 06:58:54
1972,立春,1972-02-05 01:20:12
1972,雨水,1972-02-19 21:11:20
1972,惊蛰,1972-03-05 19:28:03
1972,春分,1972-03-20 20:21:21
1972,清明,1972-04-05 00:28:48
1972,谷雨,1972-04-20 07:37:26
1972,立夏,1972-05-05 18:01:09
1972,小满,1972-05-21 06:59:31
1972,芒种,1972-06-05 22:21:58
1972,夏至,1972-06-21 15:06:09
1972,小暑,1972-07-07 08:42:49
1972,大暑,1972-07-23 02:02:30
1972,立秋,1972-08-07 18:28:30
1972,处暑,1972-08-23 09:03:02
1972,白露,1972-09-07 21:15:07
1972,秋分,1972-09-23 06:32:43
1972,寒露,1972-10-08 12:41:45
1972,霜降,1972-10-23 15:41:23
1972,立冬,1972-11-07 15:39:22
1972,小雪,1972-11-22 13:02:37
1972,大雪,1972-12-07 08:18:40
1972,冬至,1972-12-22 02:12:50
1973,小寒,1973-01-05 19:25:15
1973,大寒,1973-01-20 12:48:09
1973,立春,1973-02-04 07:04:06
1973,雨水,1973-02-19 03:01:05
1973,惊蛰,1973-03-06 01:12:30
1973,春分,1973-03-21 02:12:26
1973,清明,1973-04-05 06:13:53
1973,谷雨,1973-04-20 13:30:25
1973,立夏,1973-05-05 23:46:28
1973,小满,1973-05-21 12:53:52
1973,芒种,1973-06-06 04:06:52
1973,夏至,1973-06-21 21:00:33
1973,小暑,1973-07-07 14:27:21
1973,大暑,1973-07-23 07:55:31
1973,立秋,1973-08-08 00:12:49
1973,处暑,1973-08-23 14:53:26
1973,白露,1973-09-08 02:59:23
1973,秋分,1973-09-23 12:21:03
1973,寒露,1973-10-08 18:27:08
1973,霜降,1973-10-23 21:30:04
1973,立冬,1973-11-07 21:27:31
1973,小雪,1973-11-22 18:54:00
1973,大雪,1973-12-07 14:10:24
1973,冬至,1973-12-22 08:07:48
1974,小寒,1974-01-06 01:20:01
1974,大寒,1974-01-20 18:45:41
1974,立春,1974-02-04 13:00:02
1974,雨水,1974-02-19 08:58:34
1974,惊蛰,1974-03-06 07:07:04
1974,春分,1974-03-21 08:06:36
1974,清明,1974-04-05 12:05:05
1974,谷雨,1974-04-20 19:18:55
1974,立夏,1974-05-06 05:33:58
1974,小满,1974-05-21 18:36:05
1974,芒种,1974-06-06 09:51:41
1974,夏至,1974-06-22 02:37:37
1974,小暑,1974-07-07 20:11:05
1974,大暑,1974-07-23 13:30:12
1974,立秋,1974-08-08 05:57:09
1974,处暑,1974-08-23 20:28:41
1974,白露,1974-09-08 08:45:03
1974,秋分,1974-09-23 17:58:26
1974,寒露,1974-10-09 00:14:40
1974,霜降,1974-10-24 03:10:39
1974,立冬,1974-11-08 03:18:03
1974,小雪,1974-11-23 00:38:30
1974,大雪,1974-12-07 20:04:43
1974,冬至,1974-12-22 13:56:00
1975,小寒,1975-01-06 07:17:38
1975,大寒,1975-01-21 00:36:18
1975,立春,1975-02-04 18:59:18
1975,雨水,1975-02-19 14:49:44
1975,惊蛰,1975-03-06 13:05:51
1975,春分,1975-03-21 13:56:42
1975,清明,1975-04-05 18:01:34
1975,谷雨,1975-04-21 01:07:17
1975,立夏,1975-05-06 11:27:13
1975,小满,1975-05-22 00:23:42
1975,芒种,1975-06-06 15:41:59
1975,夏至,1975-06-22 08:26:26
1975,小暑,1975-07-08 01:59:25
1975,大暑,1975-07-23 19:21:48
1975,立秋,1975-08-08 11:44:58
1975,处暑,1975-08-24 02:23:34
1975,白露,1975-09-08 14:33:15
1975,秋分,1975-09-23 23:55:05
1975,寒露,1975-10-09 06:02:05
1975,霜降,1975-10-24 09:06:04
1975,立冬,1975-11-08 09:02:42
1975,小雪,1975-11-23 06:30:48
1975,大雪,1975-12-08 01:46:10
1975,冬至,1975-12-22 19:45:33
1976,小寒,1976-01-06 12:57:18
1976,大寒,1976-01-21 06:25:05
1976,立春,1976-02-05 00:39:26
1976,雨水,1976-02-19 20:39:57
1976,惊蛰,1976-03-05 18:48:08
1976,春分,1976-03-20 19:49:41
1976,清明,1976-04-04 23:46:31
1976,谷雨,1976-04-20 07:03:01
1976,立夏,1976-05-05 17:14:28
1976,小满,1976-05-21 06:21:08
1976,芒种,1976-06-05 21:31:18
1976,夏至,1976-06-21 14:24:12
1976,小暑,1976-07-07 07:50:56
1976,大暑,1976-07-23 01:18:29
1976,立秋,1976-08-07 17:38:25
1976,处暑,1976-08-23 08:18:18
1976,白露,1976-09-07 20:28:12
1976,秋分,1976-09-23 05:48:13
1976,寒露,1976-10-08 11:58:01
1976,霜降,1976-10-23 14:58:03
1976,立冬,1976-11-07 14:58:34
1976,小雪,1976-11-22 12:21:31
1976,大雪,1976-12-07 07:40:56
1976,冬至,1976-12-22 01:35:05
1977,小寒,1977-01-05 18:51:01
1977,大寒,1977-01-20 12:14:21
1977,立春,1977-02-04 06:33:24
1977,雨水,1977-02-19 02:30:25
1977,惊蛰,1977-03-06 00:44:14
1977,春分,1977-03-21 01:42:19
1977,清明,1977-04-05 05:45:50
1977,谷雨,1977-04-20 12:57:13
1977,立夏,1977-05-05 23:16:03
1977,小满,1977-05-21 12:14:24
1977,芒种,1977-06-06 03:32:06
1977,夏至,1977-06-21 20:13:50
1977,小暑,1977-07-07 13:47:52
1977,大暑,1977-07-23 07:03:38
1977,立秋,1977-08-07 23:30:08
1977,处暑,1977-08-23 14:00:11
1977,白露,1977-09-08 02:15:40
1977,秋分,1977-09-23 11:29:14
1977,寒露,1977-10-08 17:44:02
1977,霜降,1977-10-23 20:40:41
1977,立冬,1977-11-07 20:45:51
1977,小雪,1977-11-22 18:06:56
1977,大雪,1977-12-07 13:30:45
1977,冬至,1977-12-22 07:23:03
1978,小寒,1978-01-06 00:43:10
1978,大寒,1978-01-20 18:03:59
1978,立春,1978-02-04 12:26:59
1978,雨水,1978-02-19 08:20:59
1978,惊蛰,1978-03-06 06:38:11
1978,春分,1978-03-21 07:33:35
1978,清明,1978-04-05 11:39:17
1978,谷雨,1978-04-20 18:49:33
1978,立夏,1978-05-06 05:08:29
1978,小满,1978-05-21 18:08:27
1978,芒种,1978-06-06 09:23:05
1978,夏至,1978-06-22 02:09:36
1978,小暑,1978-07-07 19:37:02
1978,大暑,1978-07-23 13:00:16
1978,立秋,1978-08-08 05:17:43
1978,处暑,1978-08-23 19:56:45
1978,白露,1978-09-08 08:02:24
1978,秋分,1978-09-23 17:25:26
1978,寒露,1978-10-08 23:31:00
1978,霜降,1978-10-24 02:37:17
1978,立冬,1978-11-08 02:34:06
1978,小雪,1978-11-23 00:04:38
1978,大雪,1978-12-07 19:20:00
1978,冬至,1978-12-22 13:21:00
1979,小寒,1979-01-06 06:31:35
1979,大寒,1979-01-21 00:00:03
1979,立春,1979-02-04 18:12:21
1979,雨水,1979-02-19 14:13:19
1979,惊蛰,1979-03-06 12:19:38
1979,春分,1979-03-21 13:21:57
1979,清明,1979-04-05 17:17:58
1979,谷雨,1979-04-21 00:35:23
1979,立夏,1979-05-06 10:47:16
1979,小满,1979-05-21 23:53:51
1979,芒种,1979-06-06 15:05:15
1979,夏至,1979-06-22 07:56:08
1979,小暑,1979-07-08 01:24:37
1979,大暑,1979-07-23 18:48:31
1979,立秋,1979-08-08 11:10:51
1979,处暑,1979-08-24 01:46:44
1979,白露,1979-09-08 13:59:42
1979,秋分,1979-09-23 23:16:22
1979,寒露,1979-10-09 05:29:59
1979,霜降,1979-10-24 08:27:47
1979,立冬,1979-11-08 08:32:43
1979,小雪,1979-11-23 05:54:03
1979,大雪,1979-12-08 01:17:46
1979,冬至,1979-12-22 19:09:45
1980,小寒,1980-01-06 12:28:55
1980,大寒,1980-01-21 05:48:38
1980,立春,1980-02-05 00:09:31
1980,雨水,1980-02-19 20:01:39
1980,惊蛰,1980-03-05 18:16:32
1980,春分,1980-03-20 19:09:40
1980,清明,1980-04-04 23:14:46
1980,谷雨,1980-04-20 06:22:46
1980,立夏,1980-05-05 16:44:37
1980,小满,1980-05-21 05:42:14
1980,芒种,1980-06-05 21:03:52
1980,夏至,1980-06-21 13:47:08
1980,小暑,1980-07-07 07:23:58
1980,大暑,1980-07-23 00:42:02
1980,立秋,1980-08-07 17:08:32
1980,处暑,1980-08-23 07:40:38
1980,白露,1980-09-07 19:53:25
1980,秋分,1980-09-23 05:08:36
1980,寒露,1980-10-08 11:19:10
1980,霜降,1980-10-23 14:17:24
1980,立冬,1980-11-07 14:18:10
1980,小雪,1980-11-22 11:41:19
1980,大雪,1980-12-07 07:01:15
1980,冬至,1980-12-22 00:56:04
1981,小寒,1981-01-05 18:12:40
1981,大寒,1981-01-20 11:35:59
1981,立春,1981-02-04 05:55:22
1981,雨水,1981-02-19 01:51:36
1981,惊蛰,1981-03-06 00:05:02
1981,春分,1981-03-21 01:02:49
1981,清明,1981-04-05 05:04:59
1981,谷雨,1981-04-20 12:18:33
1981,立夏,1981-05-05 22:34:48
1981,小满,1981-05-21 11:39:26
1981,芒种,1981-06-06 02:52:41
1981,夏至,1981-06-21 19:44:41
1981,小暑,1981-07-07 13:11:55
1981,大暑,1981-07-23 06:39:44
1981,立秋,1981-08-07 22:57:11
1981,处暑,1981-08-23 13:38:07
1981,白露,1981-09-08 01:43:09
1981,秋分,1981-09-23 11:05:06
1981,寒露,1981-10-08 17:09:25
1981,霜降,1981-10-23 20:12:45
1981,立冬,1981-11-07 20:08:24
1981,小雪,1981-11-22 17:35:57
1981,大雪,1981-12-07 12:51:16
1981,冬至,1981-12-22 06:50:38
1982,小寒,1982-01-06 00:02:38
1982,大寒,1982-01-20 17:30:53
1982,立春,1982-02-04 11:45:22
1982,雨水,1982-02-19 07:46:24
1982,惊蛰,1982-03-06 05:54:30
1982,春分,1982-03-21 06:55:47
1982,清明,1982-04-05 10:52:43
1982,谷雨,1982-04-20 18:07:27
1982,立夏,1982-05-06 04:20:02
1982,小满,1982-05-21 17:22:52
1982,芒种,1982-06-06 08:35:53
1982,夏至,1982-06-22 01:22:59
1982,小暑,1982-07-07 18:54:36
1982,大暑,1982-07-23 12:15:28
1982,立秋,1982-08-08 04:41:47
1982,处暑,1982-08-23 19:15:14
1982,白露,1982-09-08 07:31:39
1982,秋分,1982-09-23 16:46:06
1982,寒露,1982-10-08 23:02:02
1982,霜降,1982-10-24 01:57:41
1982,立冬,1982-11-08 02:04:03
1982,小雪,1982-11-22 23:23:16
1982,大雪,1982-12-07 18:48:07
1982,冬至,1982-12-22 12:38:09
1983,小寒,1983-01-06 05:58:47
1983,大寒,1983-01-20 23:16:55
1983,立春,1983-02-04 17:39:44
1983,雨水,1983-02-19 13:30:32
1983,惊蛰,1983-03-06 11:47:12
1983,春分,1983-03-21 12:38:43
1983,清明,1983-04-05 16:44:24
1983,谷雨,1983-04-20 23:50:12
1983,立夏,1983-05-06 10:10:53
1983,小满,1983-05-21 23:06:29
1983,芒种,1983-06-06 14:25:42
1983,夏至,1983-06-22 07:08:42
1983,小暑,1983-07-08 00:43:12
1983,大暑,1983-07-23 18:04:08
1983,立秋,1983-08-08 10:29:36
1983,处暑,1983-08-24 01:07:24
1983,白露,1983-09-08 13:19:55
1983,秋分,1983-09-23 22:41:26
1983,寒露,1983-10-09 04:50:59
1983,霜降,1983-10-24 07:54:10
1983,立冬,1983-11-08 07:52:08
1983,小雪,1983-11-23 05:18:15
1983,大雪,1983-12-08 00:33:35
1983,冬至,1983-12-22 18:29:51
1984,小寒,1984-01-06 11:40:49
1984,大寒,1984-01-21 05:05:04
1984,立春,1984-02-04 23:18:47
1984,雨水,1984-02-19 19:16:19
1984,惊蛰,1984-03-05 17:24:43
1984,春分,1984-03-20 18:24:26
1984,清明,1984-04-04 22:22:23
1984,谷雨,1984-04-20 05:38:11
1984,立夏,1984-05-05 15:51:00
1984,小满,1984-05-21 04:57:39
1984,芒种,1984-06-05 20:08:42
1984,夏至,1984-06-21 13:02:17
1984,小暑,1984-07-07 06:29:13
1984,大暑,1984-07-22 23:58:14
1984,立秋,1984-08-07 16:17:54
1984,处暑,1984-08-23 07:00:06
1984,白露,1984-09-07 19:09:43
1984,秋分,1984-09-23 04:32:47
1984,寒露,1984-10-08 10:42:27
1984,霜降,1984-10-23 13:45:37
1984,立冬,1984-11-07 13:45:28
1984,小雪,1984-11-22 11:10:36
1984,大雪,1984-12-07 06:27:59
1984,冬至,1984-12-22 00:22:44
1985,小寒,1985-01-05 17:35:00
1985,大寒,1985-01-20 10:57:28
1985,立春,1985-02-04 05:11:45
1985,雨水,1985-02-19 01:07:20
1985,惊蛰,1985-03-05 23:16:24
1985,春分,1985-03-21 00:13:43
1985,清明,1985-04-05 04:13:34
1985,谷雨,1985-04-20 11:25:39
1985,立夏,1985-05-05 21:42:28
1985,小满,1985-05-21 10:42:50
1985,芒种,1985-06-06 01:59:54
1985,夏至,1985-06-21 18:44:05
1985,小暑,1985-07-07 12:18:32
1985,大暑,1985-07-23 05:36:26
1985,立秋,1985-08-07 22:04:11
1985,处暑,1985-08-23 12:35:40
1985,白露,1985-09-08 00:52:58
1985,秋分,1985-09-23 10:07:23
1985,寒露,1985-10-08 16:24:30
1985,霜降,1985-10-23 19:21:45
1985,立冬,1985-11-07 19:29:24
1985,小雪,1985-11-22 16:50:37
1985,大雪,1985-12-07 12:16:16
1985,冬至,1985-12-22 06:07:35
1986,小寒,1986-01-05 23:28:01
1986,大寒,1986-01-20 16:46:12
1986,立春,1986-02-04 11:07:44
1986,雨水,1986-02-19 06:57:33
1986,惊蛰,1986-03-06 05:12:09
1986,春分,1986-03-21 06:02:40
1986,清明,1986-04-05 10:06:04
1986,谷雨,1986-04-20 17:12:05
1986,立夏,1986-05-06 04:30:29
1986,小满,1986-05-21 17:27:52
1986,芒种,1986-06-06 08:44:17
1986,夏至,1986-06-22 01:29:56
1986,小暑,1986-07-07 19:00:44
1986,大暑,1986-07-23 12:24:20
1986,立秋,1986-08-08 04:45:35
1986,处暑,1986-08-23 19:25:42
1986,白露,1986-09-08 07:34:36
1986,秋分,1986-09-23 15:58:50
1986,寒露,1986-10-08 22:06:47
1986,霜降,1986-10-24 01:14:09
1986,立冬,1986-11-08 01:12:40
1986,小雪,1986-11-22 22:44:06
1986,大雪,1986-12-07 18:00:40
1986,冬至,1986-12-22 12:01:58
1987,小寒,1987-01-06 05:12:55
1987,大寒,1987-01-20 22:40:26
1987,立春,1987-02-04 16:51:43
1987,雨水,1987-02-19 12:50:03
1987,惊蛰,1987-03-06 10:53:40
1987,春分,1987-03-21 11:52:03
1987,清明,1987-04-05 15:44:10
1987,谷雨,1987-04-20 23:57:35
1987,立夏,1987-05-06 10:05:38
1987,小满,1987-05-21 23:10:01
1987,芒种,1987-06-06 14:19:00
1987,夏至,1987-06-22 07:10:42
1987,小暑,1987-07-08 00:38:39
1987,大暑,1987-07-23 18:06:01
1987,立秋,1987-08-08 10:29:11
1987,处暑,1987-08-24 01:09:48
1987,白露,1987-09-08 13:24:02
1987,秋分,1987-09-23 21:45:14
1987,寒露,1987-10-09 03:59:35
1987,霜降,1987-10-24 07:00:50
1987,立冬,1987-11-08 07:05:37
1987,小雪,1987-11-23 04:29:21
1987,大雪,1987-12-07 23:52:10
1987,冬至,1987-12-22 17:45:52
1988,小寒,1988-01-06 11:03:31
1988,大寒,1988-01-21 04:24:22
1988,立春,1988-02-04 22:42:58
1988,雨水,1988-02-19 18:35:16
1988,惊蛰,1988-03-05 16:46:45
1988,春分,1988-03-20 17:38:45
1988,清明,1988-04-04 21:39:17
1988,谷雨,1988-04-20 05:44:58
1988,立夏,1988-05-05 16:01:56
1988,小满,1988-05-21 04:56:52
1988,芒种,1988-06-05 20:14:58
1988,夏至,1988-06-21 12:56:34
1988,小暑,1988-07-07 06:32:50
1988,大暑,1988-07-22 23:51:04
1988,立秋,1988-08-07 16:20:16
1988,处暑,1988-08-23 06:54:01
1988,白露,1988-09-07 19:11:32
1988,秋分,1988-09-23 03:28:49
1988,寒露,1988-10-08 09:44:30
1988,霜降,1988-10-23 12:44:05
1988,立冬,1988-11-07 12:48:56
1988,小雪,1988-11-22 10:12:00
1988,大雪,1988-12-07 05:34:34
1988,冬至,1988-12-21 23:27:58
1989,小寒,1989-01-05 16:46:01
1989,大寒,1989-01-20 10:07:02
1989,立春,1989-02-04 04:27:11
1989,雨水,1989-02-19 00:20:32
1989,惊蛰,1989-03-05 22:34:08
1989,春分,1989-03-20 23:28:19
1989,清明,1989-04-05 03:29:56
1989,谷雨,1989-04-20 11:39:02
1989,立夏,1989-05-05 21:53:59
1989,小满,1989-05-21 10:53:36
1989,芒种,1989-06-06 02:05:16
1989,夏至,1989-06-21 18:52:59
1989,小暑,1989-07-07 12:19:26
1989,大暑,1989-07-23 05:45:25
1989,立秋,1989-08-07 22:03:53
1989,处暑,1989-08-23 12:46:12
1989,白露,1989-09-08 00:53:55
1989,秋分,1989-09-23 09:19:40
1989,寒露,1989-10-08 15:27:21
1989,霜降,1989-10-23 18:35:13
1989,立冬,1989-11-07 18:33:33
1989,小雪,1989-11-22 16:04:41
1989,大雪,1989-12-07 11:21:01
1989,冬至,1989-12-22 05:22:09
1990,小寒,1990-01-05 22:33:19
1990,大寒,1990-01-20 16:01:36
1990,立春,1990-02-04 10:13:57
1990,雨水,1990-02-19 06:13:58
1990,惊蛰,1990-03-06 04:19:14
1990,春分,1990-03-21 05:19:14
1990,清明,1990-04-05 09:12:56
1990,谷雨,1990-04-20 17:26:30
1990,立夏,1990-05-06 03:35:25
1990,小满,1990-05-21 16:37:16
1990,芒种,1990-06-06 07:46:13
1990,夏至,1990-06-22 00:32:40
1990,小暑,1990-07-07 18:00:25
1990,大暑,1990-07-23 11:21:29
1990,立秋,1990-08-08 03:45:28
1990,处暑,1990-08-23 18:20:45
1990,白露,1990-09-08 06:37:19
1990,秋分,1990-09-23 14:55:22
1990,寒露,1990-10-08 21:13:40
1990,霜降,1990-10-24 00:13:52
1990,立冬,1990-11-08 00:23:26
1990,小雪,1990-11-22 21:46:53
1990,大雪,1990-12-07 17:14:09
1990,冬至,1990-12-22 11:06:56
1991,小寒,1991-01-06 04:28:06
1991,大寒,1991-01-20 21:46:59
1991,立春,1991-02-04 16:08:22
1991,雨水,1991-02-19 11:58:13
1991,惊蛰,1991-03-06 10:12:13
1991,春分,1991-03-21 11:01:54
1991,清明,1991-04-05 15:04:43
1991,谷雨,1991-04-20 23:08:25
1991,立夏,1991-05-06 09:26:53
1991,小满,1991-05-21 22:20:14
1991,芒种,1991-06-06 13:38:12
1991,夏至,1991-06-22 06:18:40
1991,小暑,1991-07-07 23:52:51
1991,大暑,1991-07-23 17:11:03
1991,立秋,1991-08-08 09:37:09
1991,处暑,1991-08-24 00:12:43
1991,白露,1991-09-08 12:27:11
1991,秋分,1991-09-23 20:47:54
1991,寒露,1991-10-09 03:01:01
1991,霜降,1991-10-24 06:05:03
1991,立冬,1991-11-08 06:07:48
1991,小雪,1991-11-23 03:35:40
1991,大雪,1991-12-07 22:55:58
1991,冬至,1991-12-22 16:53:35
1992,小寒,1992-01-06 10:08:28
1992,大寒,1992-01-21 03:32:28
1992,立春,1992-02-04 21:48:15
1992,雨水,1992-02-19 17:43:31
1992,惊蛰,1992-03-05 15:52:07
1992,春分,1992-03-20 16:48:06
1992,清明,1992-04-04 20:45:09
1992,谷雨,1992-04-20 03:56:55
1992,立夏,1992-05-05 14:08:41
1992,小满,1992-05-21 03:12:07
1992,芒种,1992-06-05 18:22:19
1992,夏至,1992-06-21 11:14:05
1992,小暑,1992-07-07 04:40:12
1992,大暑,1992-07-22 22:08:42
1992,立秋,1992-08-07 14:27:16
1992,处暑,1992-08-23 05:09:55
1992,白露,1992-09-07 17:18:10
1992,秋分,1992-09-23 02:42:38
1992,寒露,1992-10-08 08:51:21
1992,霜降,1992-10-23 11:57:04
1992,立冬,1992-11-07 11:56:57
1992,小雪,1992-11-22 09:25:49
1992,大雪,1992-12-07 04:44:05
1992,冬至,1992-12-21 22:43:08
1993,小寒,1993-01-05 15:56:25
1993,大寒,1993-01-20 09:22:45
1993,立春,1993-02-04 03:37:08
1993,雨水,1993-02-18 23:35:10
1993,惊蛰,1993-03-05 21:42:36
1993,春分,1993-03-20 22:40:39
1993,清明,1993-04-05 02:37:11
1993,谷雨,1993-04-20 09:48:56
1993,立夏,1993-05-05 20:01:41
1993,小满,1993-05-21 09:01:41
1993,芒种,1993-06-06 00:15:14
1993,夏至,1993-06-21 16:59:45
1993,小暑,1993-07-07 10:32:02
1993,大暑,1993-07-23 03:50:50
1993,立秋,1993-08-07 20:17:53
1993,处暑,1993-08-23 10:50:15
1993,白露,1993-09-07 23:07:41
1993,秋分,1993-09-23 08:22:25
1993,寒露,1993-10-08 14:39:59
1993,霜降,1993-10-23 17:37:04
1993,立冬,1993-11-07 17:45:32
1993,小雪,1993-11-22 15:06:45
1993,大雪,1993-12-07 10:33:46
1993,冬至,1993-12-22 04:25:42
1994,小寒,1994-01-05 21:48:05
1994,大寒,1994-01-20 15:07:21
1994,立春,1994-02-04 09:30:57
1994,雨水,1994-02-19 05:21:38
1994,惊蛰,1994-03-06 03:37:42
1994,春分,1994-03-21 04:27:59
1994,清明,1994-04-05 08:31:46
1994,谷雨,1994-04-20 15:35:58
1994,立夏,1994-05-06 01:54:01
1994,小满,1994-05-21 14:48:26
1994,芒种,1994-06-06 06:04:46
1994,夏至,1994-06-21 22:47:29
1994,小暑,1994-07-07 16:19:16
1994,大暑,1994-07-23 09:40:54
1994,立秋,1994-08-08 02:04:15
1994,处暑,1994-08-23 16:43:35
1994,白露,1994-09-08 04:55:01
1994,秋分,1994-09-23 14:19:05
1994,寒露,1994-10-08 20:29:02
1994,霜降,1994-10-23 23:35:55
1994,立冬,1994-11-07 23:35:28
1994,小雪,1994-11-22 21:05:47
1994,大雪,1994-12-07 16:22:43
1994,冬至,1994-12-22 10:22:39
1995,小寒,1995-01-06 03:34:03
1995,大寒,1995-01-20 21:00:31
1995,立春,1995-02-04 15:12:53
1995,雨水,1995-02-19 11:10:47
1995,惊蛰,1995-03-06 09:16:03
1995,春分,1995-03-21 10:14:26
1995,清明,1995-04-05 14:08:04
1995,谷雨,1995-04-20 21:21:29
1995,立夏,1995-05-06 07:30:03
1995,小满,1995-05-21 20:34:12
1995,芒种,1995-06-06 11:42:29
1995,夏至,1995-06-22 04:34:19
1995,小暑,1995-07-07 22:00:58
1995,大暑,1995-07-23 15:29:33
1995,立秋,1995-08-08 07:51:39
1995,处暑,1995-08-23 22:34:45
1995,白露,1995-09-08 10:48:28
1995,秋分,1995-09-23 20:12:58
1995,寒露,1995-10-09 02:27:07
1995,霜降,1995-10-24 05:31:28
1995,立冬,1995-11-08 05:35:29
1995,小雪,1995-11-23 03:01:17
1995,大雪,1995-12-07 22:22:07
1995,冬至,1995-12-22 16:16:42
1996,小寒,1996-01-06 09:31:25
1996,大寒,1996-01-21 02:52:30
1996,立春,1996-02-04 21:07:57
1996,雨水,1996-02-19 17:00:44
1996,惊蛰,1996-03-05 15:09:40
1996,春分,1996-03-20 16:03:01
1996,清明,1996-04-04 20:02:00
1996,谷雨,1996-04-20 03:09:50
1996,立夏,1996-05-05 13:26:03
1996,小满,1996-05-21 02:23:07
1996,芒种,1996-06-05 17:40:46
1996,夏至,1996-06-21 10:23:42
1996,小暑,1996-07-07 03:59:54
1996,大暑,1996-07-22 21:18:42
1996,立秋,1996-08-07 13:48:47
1996,处暑,1996-08-23 04:22:48
1996,白露,1996-09-07 16:42:21
1996,秋分,1996-09-23 02:00:01
1996,寒露,1996-10-08 08:18:39
1996,霜降,1996-10-23 11:18:38
1996,立冬,1996-11-07 11:26:34
1996,小雪,1996-11-22 08:49:24
1996,大雪,1996-12-07 04:14:03
1996,冬至,1996-12-21 22:05:53
1997,小寒,1997-01-05 15:24:29
1997,大寒,1997-01-20 08:42:29
1997,立春,1997-02-04 03:01:55
1997,雨水,1997-02-18 22:51:26
1997,惊蛰,1997-03-05 21:04:04
1997,春分,1997-03-20 21:54:41
1997,清明,1997-04-05 01:56:16
1997,谷雨,1997-04-20 09:02:55
1997,立夏,1997-05-05 19:19:29
1997,小满,1997-05-21 08:17:59
1997,芒种,1997-06-05 23:32:32
1997,夏至,1997-06-21 16:19:57
1997,小暑,1997-07-07 09:49:25
1997,大暑,1997-07-23 03:15:27
1997,立秋,1997-08-07 19:36:24
1997,处暑,1997-08-23 10:19:15
1997,白露,1997-09-07 22:28:53
1997,秋分,1997-09-23 07:55:47
1997,寒露,1997-10-08 14:05:06
1997,霜降,1997-10-23 17:14:41
1997,立冬,1997-11-07 17:14:32
1997,小雪,1997-11-22 14:47:33
1997,大雪,1997-12-07 10:04:54
1997,冬至,1997-12-22 04:07:09
1998,小寒,1998-01-05 21:18:13
1998,大寒,1998-01-20 14:46:06
1998,立春,1998-02-04 08:56:47
1998,雨水,1998-02-19 04:54:50
1998,惊蛰,1998-03-06 02:57:11
1998,春分,1998-03-21 03:54:34
1998,清明,1998-04-05 07:45:00
1998,谷雨,1998-04-20 14:56:47
1998,立夏,1998-05-06 01:03:15
1998,小满,1998-05-21 14:05:25
1998,芒种,1998-06-06 05:13:25
1998,夏至,1998-06-21 22:02:32
1998,小暑,1998-07-07 15:30:26
1998,大暑,1998-07-23 08:55:21
1998,立秋,1998-08-08 01:19:46
1998,处暑,1998-08-23 15:58:52
1998,白露,1998-09-08 04:15:47
1998,秋分,1998-09-23 13:37:06
1998,寒露,1998-10-08 19:55:39
1998,霜降,1998-10-23 22:58:33
1998,立冬,1998-11-07 23:08:21
1998,小雪,1998-11-22 20:34:13
1998,大雪,1998-12-07 16:01:36
1998,冬至,1998-12-22 09:56:29
1999,小寒,1999-01-06 03:17:11
1999,大寒,1999-01-20 20:37:22
1999,立春,1999-02-04 14:57:06
1999,雨水,1999-02-19 10:46:50
1999,惊蛰,1999-03-06 08:57:45
1999,春分,1999-03-21 09:45:52
1999,清明,1999-04-05 13:44:42
1999,谷雨,1999-04-20 20:46:05
1999,立夏,1999-05-06 07:01:04
1999,小满,1999-05-21 19:52:28
1999,芒种,1999-06-06 11:09:06
1999,夏至,1999-06-22 03:49:07
1999,小暑,1999-07-07 21:24:59
1999,大暑,1999-07-23 14:44:10
1999,立秋,1999-08-08 07:14:06
1999,处暑,1999-08-23 21:51:00
1999,白露,1999-09-08 10:09:49
1999,秋分,1999-09-23 19:31:20
1999,寒露,1999-10-09 01:48:16
1999,霜降,1999-10-24 04:52:11
1999,立冬,1999-11-08 04:57:54
1999,小雪,1999-11-23 02:24:51
1999,大雪,1999-12-07 21:47:30
1999,冬至,1999-12-22 15:43:47
2000,小寒,2000-01-06 09:00:40
2000,大寒,2000-01-21 02:23:01
2000,立春,2000-02-04 20:40:22
2000,雨水,2000-02-19 16:33:20
2000,惊蛰,2000-03-05 14:42:39
2000,春分,2000-03-20 15:35:19
2000,清明,2000-04-04 19:31:59
2000,谷雨,2000-04-20 02:39:33
2000,立夏,2000-05-05 12:50:11
2000,小满,2000-05-21 01:49:26
2000,芒种,2000-06-05 16:58:37
2000,夏至,2000-06-21 09:47:43
2000,小暑,2000-07-07 03:13:59
2000,大暑,2000-07-22 20:42:42
2000,立秋,2000-08-07 13:03:00
2000,处暑,2000-08-23 03:48:29
2000,白露,2000-09-07 15:59:07
2000,秋分,2000-09-23 01:27:31
2000,寒露,2000-10-08 07:38:09
2000,霜降,2000-10-23 10:47:26
2000,立冬,2000-11-07 10:48:00
2000,小雪,2000-11-22 08:19:20
2000,大雪,2000-12-07 03:36:59
2000,冬至,2000-12-21 21:37:27
2001,小寒,2001-01-05 14:49:14
2001,大寒,2001-01-20 08:16:20
2001,立春,2001-02-04 02:28:52
2001,雨水,2001-02-18 22:27:22
2001,惊蛰,2001-03-05 20:32:37
2001,春分,2001-03-20 21:30:49
2001,清明,2001-04-05 01:24:28
2001,谷雨,2001-04-20 08:35:54
2001,立夏,2001-05-05 18:44:55
2001,小满,2001-05-21 07:44:18
2001,芒种,2001-06-05 22:53:45
2001,夏至,2001-06-21 15:37:53
2001,小暑,2001-07-07 09:06:50
2001,大暑,2001-07-23 02:26:21
2001,立秋,2001-08-07 18:52:22
2001,处暑,2001-08-23 09:27:11
2001,白露,2001-09-07 21:46:10
2001,秋分,2001-09-23 07:04:30
2001,寒露,2001-10-08 13:25:03
2001,霜降,2001-10-23 16:25:37
2001,立冬,2001-11-07 16:36:53
2001,小雪,2001-11-22 14:00:25
2001,大雪,2001-12-07 09:28:51
2001,冬至,2001-12-22 03:21:27
2002,小寒,2002-01-05 20:43:35
2002,大寒,2002-01-20 14:02:07
2002,立春,2002-02-04 08:24:17
2002,雨水,2002-02-19 04:13:27
2002,惊蛰,2002-03-06 02:27:43
2002,春分,2002-03-21 03:16:12
2002,清明,2002-04-05 07:18:20
2002,谷雨,2002-04-20 14:20:27
2002,立夏,2002-05-06 00:37:15
2002,小满,2002-05-21 13:29:04
2002,芒种,2002-06-06 04:44:42
2002,夏至,2002-06-21 21:24:24
2002,小暑,2002-07-07 14:56:09
2002,大暑,2002-07-23 08:14:50
2002,立秋,2002-08-08 00:39:16
2002,处暑,2002-08-23 15:16:55
2002,白露,2002-09-08 03:31:02
2002,秋分,2002-09-23 12:55:22
2002,寒露,2002-10-08 19:09:24
2002,霜降,2002-10-23 22:17:51
2002,立冬,2002-11-07 22:21:51
2002,小雪,2002-11-22 19:53:43
2002,大雪,2002-12-07 15:14:16
2002,冬至,2002-12-22 09:14:29
2003,小寒,2003-01-06 02:27:53
2003,大寒,2003-01-20 19:52:49
2003,立春,2003-02-04 14:05:32
2003,雨水,2003-02-19 10:00:27
2003,惊蛰,2003-03-06 08:05:02
2003,春分,2003-03-21 08:59:55
2003,清明,2003-04-05 12:52:35
2003,谷雨,2003-04-20 20:02:53
2003,立夏,2003-05-06 06:10:32
2003,小满,2003-05-21 19:12:26
2003,芒种,2003-06-06 10:19:41
2003,夏至,2003-06-22 03:10:20
2003,小暑,2003-07-07 20:35:33
2003,大暑,2003-07-23 14:03:59
2003,立秋,2003-08-08 06:24:14
2003,处暑,2003-08-23 21:08:08
2003,白露,2003-09-08 09:20:15
2003,秋分,2003-09-23 18:46:53
2003,寒露,2003-10-09 01:00:33
2003,霜降,2003-10-24 04:08:29
2003,立冬,2003-11-08 04:13:07
2003,小雪,2003-11-23 01:43:18
2003,大雪,2003-12-07 21:05:05
2003,冬至,2003-12-22 15:03:45
2004,小寒,2004-01-06 08:18:32
2004,大寒,2004-01-21 01:42:22
2004,立春,2004-02-04 19:56:14
2004,雨水,2004-02-19 15:49:57
2004,惊蛰,2004-03-05 13:55:36
2004,春分,2004-03-20 14:48:32
2004,清明,2004-04-04 18:43:16
2004,谷雨,2004-04-20 01:50:21
2004,立夏,2004-05-05 12:02:29
2004,小满,2004-05-21 00:59:12
2004,芒种,2004-06-05 16:13:44
2004,夏至,2004-06-21 08:56:48
2004,小暑,2004-07-07 02:31:10
2004,大暑,2004-07-22 19:50:08
2004,立秋,2004-08-07 12:19:34
2004,处暑,2004-08-23 02:53:17
2004,白露,2004-09-07 15:12:55
2004,秋分,2004-09-23 00:29:50
2004,寒露,2004-10-08 06:49:18
2004,霜降,2004-10-23 09:48:47
2004,立冬,2004-11-07 09:58:34
2004,小雪,2004-11-22 07:21:37
2004,大雪,2004-12-07 02:48:56
2004,冬至,2004-12-21 20:41:32
2005,小寒,2005-01-05 14:02:57
2005,大寒,2005-01-20 07:21:29
2005,立春,2005-02-04 01:42:57
2005,雨水,2005-02-18 21:31:50
2005,惊蛰,2005-03-05 19:45:03
2005,春分,2005-03-20 20:33:21
2005,清明,2005-04-05 00:34:12
2005,谷雨,2005-04-20 07:37:14
2005,立夏,2005-05-05 17:52:47
2005,小满,2005-05-21 06:47:23
2005,芒种,2005-06-05 22:01:46
2005,夏至,2005-06-21 14:46:03
2005,小暑,2005-07-07 08:16:30
2005,大暑,2005-07-23 01:40:38
2005,立秋,2005-08-07 18:03:22
2005,处暑,2005-08-23 08:45:22
2005,白露,2005-09-07 20:56:36
2005,秋分,2005-09-23 06:23:03
2005,寒露,2005-10-08 12:33:09
2005,霜降,2005-10-23 15:42:12
2005,立冬,2005-11-07 15:42:19
2005,小雪,2005-11-22 13:14:56
2005,大雪,2005-12-07 08:32:40
2005,冬至,2005-12-22 02:34:57
2006,小寒,2006-01-05 19:46:54
2006,大寒,2006-01-20 13:15:11
2006,立春,2006-02-04 07:27:04
2006,雨水,2006-02-19 03:25:26
2006,惊蛰,2006-03-06 01:28:33
2006,春分,2006-03-21 02:25:34
2006,清明,2006-04-05 06:15:31
2006,谷雨,2006-04-20 13:26:07
2006,立夏,2006-05-05 23:30:42
2006,小满,2006-05-21 12:31:31
2006,芒种,2006-06-06 03:36:58
2006,夏至,2006-06-21 20:25:46
2006,小暑,2006-07-07 13:51:25
2006,大暑,2006-07-23 07:17:39
2006,立秋,2006-08-07 23:40:45
2006,处暑,2006-08-23 14:22:33
2006,白露,2006-09-08 02:38:56
2006,秋分,2006-09-23 12:03:19
2006,寒露,2006-10-08 18:21:17
2006,霜降,2006-10-23 21:26:27
2006,立冬,2006-11-07 21:34:50
2006,小雪,2006-11-22 19:01:47
2006,大雪,2006-12-07 14:26:51
2006,冬至,2006-12-22 08:22:08
2007,小寒,2007-01-06 01:40:11
2007,大寒,2007-01-20 19:00:49
2007,立春,2007-02-04 13:18:12
2007,雨水,2007-02-19 09:08:54
2007,惊蛰,2007-03-06 07:18:00
2007,春分,2007-03-21 08:07:26
2007,清明,2007-04-05 12:04:43
2007,谷雨,2007-04-20 19:07:07
2007,立夏,2007-05-06 05:20:27
2007,小满,2007-05-21 18:11:58
2007,芒种,2007-06-06 09:27:03
2007,夏至,2007-06-22 02:06:27
2007,小暑,2007-07-07 19:41:43
2007,大暑,2007-07-23 13:00:13
2007,立秋,2007-08-08 05:31:14
2007,处暑,2007-08-23 20:07:54
2007,白露,2007-09-08 08:29:25
2007,秋分,2007-09-23 17:51:12
2007,寒露,2007-10-09 00:11:34
2007,霜降,2007-10-24 03:15:29
2007,立冬,2007-11-08 03:24:07
2007,小雪,2007-11-23 00:49:55
2007,大雪,2007-12-07 20:14:04
2007,冬至,2007-12-22 14:07:44
2008,小寒,2008-01-06 07:24:46
2008,大寒,2008-01-21 00:43:28
2008,立春,2008-02-04 19:00:22
2008,雨水,2008-02-19 14:49:33
2008,惊蛰,2008-03-05 12:58:47
2008,春分,2008-03-20 13:48:19
2008,清明,2008-04-04 17:45:50
2008,谷雨,2008-04-20 00:51:10
2008,立夏,2008-05-05 11:03:24
2008,小满,2008-05-21 00:00:55
2008,芒种,2008-06-05 15:11:46
2008,夏至,2008-06-21 07:59:24
2008,小暑,2008-07-07 01:26:56
2008,大暑,2008-07-22 18:54:51
2008,立秋,2008-08-07 11:16:14
2008,处暑,2008-08-23 02:02:13
2008,白露,2008-09-07 14:14:07
2008,秋分,2008-09-22 23:44:28
2008,寒露,2008-10-08 05:56:39
2008,霜降,2008-10-23 09:08:44
2008,立冬,2008-11-07 09:10:39
2008,小雪,2008-11-22 06:44:27
2008,大雪,2008-12-07 02:02:18
2008,冬至,2008-12-21 20:03:46
2009,小寒,2009-01-05 13:14:02
2009,大寒,2009-01-20 06:40:17
2009,立春,2009-02-04 00:49:44
2009,雨水,2009-02-18 20:46:08
2009,惊蛰,2009-03-05 18:47:33
2009,春分,2009-03-20 19:43:39
2009,清明,2009-04-04 23:33:46
2009,谷雨,2009-04-20 06:44:21
2009,立夏,2009-05-05 16:50:51
2009,小满,2009-05-21 05:51:10
2009,芒种,2009-06-05 20:59:07
2009,夏至,2009-06-21 13:45:30
2009,小暑,2009-07-07 07:13:27
2009,大暑,2009-07-23 00:35:39
2009,立秋,2009-08-07 17:01:04
2009,处暑,2009-08-23 07:38:31
2009,白露,2009-09-07 19:57:33
2009,秋分,2009-09-23 05:18:36
2009,寒露,2009-10-08 11:40:02
2009,霜降,2009-10-23 14:43:28
2009,立冬,2009-11-07 14:56:12
2009,小雪,2009-11-22 12:22:30
2009,大雪,2009-12-07 07:52:11
2009,冬至,2009-12-22 01:46:44
2010,小寒,2010-01-05 19:08:48
2010,大寒,2010-01-20 12:27:41
2010,立春,2010-02-04 06:47:54
2010,雨水,2010-02-19 02:35:35
2010,惊蛰,2010-03-06 00:46:21
2010,春分,2010-03-21 01:32:07
2010,清明,2010-04-05 05:30:25
2010,谷雨,2010-04-20 12:29:44
2010,立夏,2010-05-05 22:43:58
2010,小满,2010-05-21 11:33:54
2010,芒种,2010-06-06 02:49:24
2010,夏至,2010-06-21 19:28:28
2010,小暑,2010-07-07 13:02:23
2010,大暑,2010-07-23 06:21:12
2010,立秋,2010-08-07 22:49:04
2010,处暑,2010-08-23 13:26:54
2010,白露,2010-09-08 01:44:41
2010,秋分,2010-09-23 11:09:05
2010,寒露,2010-10-08 17:26:38
2010,霜降,2010-10-23 20:35:07
2010,立冬,2010-11-07 20:42:32
2010,小雪,2010-11-22 18:14:30
2010,大雪,2010-12-07 13:38:22
2010,冬至,2010-12-22 07:38:29
2011,小寒,2011-01-06 00:54:41
2011,大寒,2011-01-20 18:18:38
2011,立春,2011-02-04 12:32:59
2011,雨水,2011-02-19 08:25:22
2011,惊蛰,2011-03-06 06:29:54
2011,春分,2011-03-21 07:20:40
2011,清明,2011-04-05 11:11:53
2011,谷雨,2011-04-20 18:17:24
2011,立夏,2011-05-06 04:23:11
2011,小满,2011-05-21 17:21:10
2011,芒种,2011-06-06 08:27:21
2011,夏至,2011-06-22 01:16:29
2011,小暑,2011-07-07 18:42:02
2011,大暑,2011-07-23 12:11:49
2011,立秋,2011-08-08 04:33:29
2011,处暑,2011-08-23 19:20:38
2011,白露,2011-09-08 07:34:12
2011,秋分,2011-09-23 17:04:36
2011,寒露,2011-10-08 23:19:01
2011,霜降,2011-10-24 02:30:17
2011,立冬,2011-11-08 02:34:52
2011,小雪,2011-11-23 00:07:49
2011,大雪,2011-12-07 19:28:59
2011,冬至,2011-12-22 13:30:04
2012,小寒,2012-01-06 06:43:58
2012,大寒,2012-01-21 00:09:52
2012,立春,2012-02-04 18:22:26
2012,雨水,2012-02-19 14:17:35
2012,惊蛰,2012-03-05 12:21:02
2012,春分,2012-03-20 13:14:22
2012,清明,2012-04-04 17:05:37
2012,谷雨,2012-04-20 00:12:06
2012,立夏,2012-05-05 10:19:48
2012,小满,2012-05-20 23:15:37
2012,芒种,2012-06-05 14:25:59
2012,夏至,2012-06-21 07:08:50
2012,小暑,2012-07-07 00:40:44
2012,大暑,2012-07-22 18:00:57
2012,立秋,2012-08-07 10:30:36
2012,处暑,2012-08-23 01:06:56
2012,白露,2012-09-07 13:29:01
2012,秋分,2012-09-22 22:48:58
2012,寒露,2012-10-08 05:11:39
2012,霜降,2012-10-23 08:13:27
2012,立冬,2012-11-07 08:25:54
2012,小雪,2012-11-22 05:50:03
2012,大雪,2012-12-07 01:18:57
2012,冬至,2012-12-21 19:11:36
2013,小寒,2013-01-05 12:33:42
2013,大寒,2013-01-20 05:51:43
2013,立春,2013-02-04 00:13:26
2013,雨水,2013-02-18 20:01:32
2013,惊蛰,2013-03-05 18:14:48
2013,春分,2013-03-20 19:01:53
2013,清明,2013-04-04 23:02:26
2013,谷雨,2013-04-20 06:03:19
2013,立夏,2013-05-05 16:18:10
2013,小满,2013-05-21 05:09:32
2013,芒种,2013-06-05 20:23:18
2013,夏至,2013-06-21 13:03:59
2013,小暑,2013-07-07 06:34:37
2013,大暑,2013-07-22 23:56:00
2013,立秋,2013-08-07 16:20:24
2013,处暑,2013-08-23 07:01:39
2013,白露,2013-09-07 19:16:14
2013,秋分,2013-09-23 04:44:01
2013,寒露,2013-10-08 10:58:26
2013,霜降,2013-10-23 14:09:43
2013,立冬,2013-11-07 14:13:51
2013,小雪,2013-11-22 11:48:07
2013,大雪,2013-12-07 07:08:35
2013,冬至,2013-12-22 01:11:04
2014,小寒,2014-01-05 18:24:11
2014,大寒,2014-01-20 11:51:13
2014,立春,2014-02-04 06:03:09
2014,雨水,2014-02-19 01:59:27
2014,惊蛰,2014-03-06 00:02:12
2014,春分,2014-03-21 00:57:07
2014,清明,2014-04-05 04:46:39
2014,谷雨,2014-04-20 11:55:33
2014,立夏,2014-05-05 21:59:24
2014,小满,2014-05-21 10:58:58
2014,芒种,2014-06-06 02:03:01
2014,夏至,2014-06-21 18:51:11
2014,小暑,2014-07-07 12:14:50
2014,大暑,2014-07-23 05:41:25
2014,立秋,2014-08-07 22:02:33
2014,处暑,2014-08-23 12:46:01
2014,白露,2014-09-08 01:01:23
2014,秋分,2014-09-23 10:29:03
2014,寒露,2014-10-08 16:47:25
2014,霜降,2014-10-23 19:57:04
2014,立冬,2014-11-07 20:06:40
2014,小雪,2014-11-22 17:38:15
2014,大雪,2014-12-07 13:04:08
2014,冬至,2014-12-22 07:03:03
2015,小寒,2015-01-06 00:20:33
2015,大寒,2015-01-20 17:43:14
2015,立春,2015-02-04 11:58:27
2015,雨水,2015-02-19 07:49:46
2015,惊蛰,2015-03-06 05:55:41
2015,春分,2015-03-21 06:45:08
2015,清明,2015-04-05 10:39:11
2015,谷雨,2015-04-20 17:41:52
2015,立夏,2015-05-06 03:52:39
2015,小满,2015-05-21 16:44:46
2015,芒种,2015-06-06 07:58:09
2015,夏至,2015-06-22 00:37:57
2015,小暑,2015-07-07 18:12:16
2015,大暑,2015-07-23 11:30:32
2015,立秋,2015-08-08 04:01:25
2015,处暑,2015-08-23 18:37:16
2015,白露,2015-09-08 06:59:31
2015,秋分,2015-09-23 16:20:29
2015,寒露,2015-10-08 22:42:50
2015,霜降,2015-10-24 01:46:43
2015,立冬,2015-11-08 01:58:38
2015,小雪,2015-11-22 23:25:14
2015,大雪,2015-12-07 18:53:19
2015,冬至,2015-12-22 12:47:54
2016,小寒,2016-01-06 06:08:23
2016,大寒,2016-01-20 23:27:07
2016,立春,2016-02-04 17:46:07
2016,雨水,2016-02-19 13:33:48
2016,惊蛰,2016-03-05 11:43:37
2016,春分,2016-03-20 12:30:16
2016,清明,2016-04-04 16:27:33
2016,谷雨,2016-04-19 23:29:31
2016,立夏,2016-05-05 09:41:54
2016,小满,2016-05-20 22:36:35
2016,芒种,2016-06-05 13:48:35
2016,夏至,2016-06-21 06:34:19
2016,小暑,2016-07-07 00:03:30
2016,大暑,2016-07-22 17:30:17
2016,立秋,2016-08-07 09:53:06
2016,处暑,2016-08-23 00:38:28
2016,白露,2016-09-07 12:51:06
2016,秋分,2016-09-22 22:21:08
2016,寒露,2016-10-08 04:33:24
2016,霜降,2016-10-23 07:45:36
2016,立冬,2016-11-07 07:47:42
2016,小雪,2016-11-22 05:22:23
2016,大雪,2016-12-07 00:41:03
2016,冬至,2016-12-21 18:44:07
2017,小寒,2017-01-05 11:55:40
2017,大寒,2017-01-20 05:23:36
2017,立春,2017-02-03 23:34:04
2017,雨水,2017-02-18 19:31:24
2017,惊蛰,2017-03-05 17:32:46
2017,春分,2017-03-20 18:28:38
2017,清明,2017-04-04 22:17:14
2017,谷雨,2017-04-20 05:26:53
2017,立夏,2017-05-05 15:30:56
2017,小满,2017-05-21 04:30:48
2017,芒种,2017-06-05 19:36:33
2017,夏至,2017-06-21 12:24:02
2017,小暑,2017-07-07 05:50:38
2017,大暑,2017-07-22 23:15:18
2017,立秋,2017-08-07 15:39:58
2017,处暑,2017-08-23 06:20:12
2017,白露,2017-09-07 18:38:35
2017,秋分,2017-09-23 04:01:48
2017,寒露,2017-10-08 10:22:07
2017,霜降,2017-10-23 13:26:40
2017,立冬,2017-11-07 13:37:47
2017,小雪,2017-11-22 11:04:36
2017,大雪,2017-12-07 06:32:36
2017,冬至,2017-12-22 00:27:54
2018,小寒,2018-01-05 17:48:44
2018,大寒,2018-01-20 11:09:01
2018,立春,2018-02-04 05:28:32
2018,雨水,2018-02-19 01:17:59
2018,惊蛰,2018-03-05 23:28:10
2018,春分,2018-03-21 00:15:22
2018,清明,2018-04-05 04:12:42
2018,谷雨,2018-04-20 11:12:26
2018,立夏,2018-05-05 21:25:14
2018,小满,2018-05-21 10:14:30
2018,芒种,2018-06-06 01:28:59
2018,夏至,2018-06-21 18:07:10
2018,小暑,2018-07-07 11:41:43
2018,大暑,2018-07-23 05:00:14
2018,立秋,2018-08-07 21:30:32
2018,处暑,2018-08-23 12:08:31
2018,白露,2018-09-08 00:29:40
2018,秋分,2018-09-23 09:54:06
2018,寒露,2018-10-08 16:14:42
2018,霜降,2018-10-23 19:22:16
2018,立冬,2018-11-07 19:31:33
2018,小雪,2018-11-22 17:01:13
2018,大雪,2018-12-07 12:25:42
2018,冬至,2018-12-22 06:22:34
2019,小寒,2019-01-05 23:38:52
2019,大寒,2019-01-20 16:59:29
2019,立春,2019-02-04 11:14:14
2019,雨水,2019-02-19 07:03:52
2019,惊蛰,2019-03-06 05:09:35
2019,春分,2019-03-21 05:58:20
2019,清明,2019-04-05 09:51:19
2019,谷雨,2019-04-20 16:55:13
2019,立夏,2019-05-06 03:02:43
2019,小满,2019-05-21 15:59:05
2019,芒种,2019-06-06 07:06:22
2019,夏至,2019-06-21 23:54:11
2019,小暑,2019-07-07 17:20:29
2019,大暑,2019-07-23 10:50:17
2019,立秋,2019-08-08 03:13:00
2019,处暑,2019-08-23 18:01:56
2019,白露,2019-09-08 06:16:49
2019,秋分,2019-09-23 15:50:06
2019,寒露,2019-10-08 22:05:35
2019,霜降,2019-10-24 01:19:40
2019,立冬,2019-11-08 01:24:15
2019,小雪,2019-11-22 22:58:49
2019,大雪,2019-12-07 18:18:18
2019,冬至,2019-12-22 12:19:20
2020,小寒,2020-01-06 05:30:00
2020,大寒,2020-01-20 22:54:38
2020,立春,2020-02-04 17:03:17
2020,雨水,2020-02-19 12:56:58
2020,惊蛰,2020-03-05 10:56:50
2020,春分,2020-03-20 11:49:34
2020,清明,2020-04-04 15:38:10
2020,谷雨,2020-04-19 22:45:29
2020,立夏,2020-05-05 08:51:29
2020,小满,2020-05-20 21:49:18
2020,芒种,2020-06-05 12:58:25
2020,夏至,2020-06-21 05:43:37
2020,小暑,2020-07-06 23:14:24
2020,大暑,2020-07-22 16:36:52
2020,立秋,2020-08-07 09:06:08
2020,处暑,2020-08-22 23:44:54
2020,白露,2020-09-07 12:07:53
2020,秋分,2020-09-22 21:30:32
2020,寒露,2020-10-08 03:55:07
2020,霜降,2020-10-23 06:59:28
2020,立冬,2020-11-07 07:13:55
2020,小雪,2020-11-22 04:39:46
2020,大雪,2020-12-07 00:09:35
2020,冬至,2020-12-21 18:02:21
2021,小寒,2021-01-05 11:23:29
2021,大寒,2021-01-20 04:39:48
2021,立春,2021-02-03 22:58:46
2021,雨水,2021-02-18 18:43:52
2021,惊蛰,2021-03-05 16:53:38
2021,春分,2021-03-20 17:37:25
2021,清明,2021-04-04 21:35:07
2021,谷雨,2021-04-20 04:33:24
2021,立夏,2021-05-05 14:47:11
2021,小满,2021-05-21 03:37:06
2021,芒种,2021-06-05 18:52:01
2021,夏至,2021-06-21 11:32:06
2021,小暑,2021-07-07 05:05:22
2021,大暑,2021-07-22 22:26:22
2021,立秋,2021-08-07 14:53:56
2021,处暑,2021-08-23 05:34:56
2021,白露,2021-09-07 17:52:57
2021,秋分,2021-09-23 03:21:01
2021,寒露,2021-10-08 09:39:01
2021,霜降,2021-10-23 12:51:04
2021,立冬,2021-11-07 12:58:46
2021,小雪,2021-11-22 10:33:44
2021,大雪,2021-12-07 05:57:09
2021,冬至,2021-12-21 23:59:24
2022,小寒,2022-01-05 17:14:05
2022,大寒,2022-01-20 10:39:05
2022,立春,2022-02-04 04:50:40
2022,雨水,2022-02-19 00:42:57
2022,惊蛰,2022-03-05 22:43:39
2022,春分,2022-03-20 23:33:23
2022,清明,2022-04-05 03:20:10
2022,谷雨,2022-04-20 10:24:14
2022,立夏,2022-05-05 20:25:52
2022,小满,2022-05-21 09:22:29
2022,芒种,2022-06-06 00:25:43
2022,夏至,2022-06-21 17:13:46
2022,小暑,2022-07-07 10:38:00
2022,大暑,2022-07-23 04:06:57
2022,立秋,2022-08-07 20:29:06
2022,处暑,2022-08-23 11:16:05
2022,白露,2022-09-07 23:32:11
2022,秋分,2022-09-23 09:03:38
2022,寒露,2022-10-08 15:22:22
2022,霜降,2022-10-23 18:35:42
2022,立冬,2022-11-07 18:45:26
2022,小雪,2022-11-22 16:20:27
2022,大雪,2022-12-07 11:46:10
2022,冬至,2022-12-22 05:48:05
2023,小寒,2023-01-05 23:04:42
2023,大寒,2023-01-20 16:29:23
2023,立春,2023-02-04 10:42:25
2023,雨水,2023-02-19 06:34:08
2023,惊蛰,2023-03-06 04:36:08
2023,春分,2023-03-21 05:24:18
2023,清明,2023-04-05 09:13:00
2023,谷雨,2023-04-20 16:13:30
2023,立夏,2023-05-06 02:18:41
2023,小满,2023-05-21 15:09:02
2023,芒种,2023-06-06 06:18:13
2023,夏至,2023-06-21 22:57:44
2023,小暑,2023-07-07 16:30:36
2023,大暑,2023-07-23 09:50:29
2023,立秋,2023-08-08 02:22:50
2023,处暑,2023-08-23 17:01:13
2023,白露,2023-09-08 05:26:35
2023,秋分,2023-09-23 14:49:50
2023,寒露,2023-10-08 21:15:31
2023,霜降,2023-10-24 00:20:47
2023,立冬,2023-11-08 00:35:33
2023,小雪,2023-11-22 22:02:35
2023,大雪,2023-12-07 17:32:51
2023,冬至,2023-12-22 11:27:12
2024,小寒,2024-01-06 04:49:14
2024,大寒,2024-01-20 22:07:12
2024,立春,2024-02-04 16:27:01
2024,雨水,2024-02-19 12:13:05
2024,惊蛰,2024-03-05 10:22:40
2024,春分,2024-03-20 11:06:20
2024,清明,2024-04-04 15:02:11
2024,谷雨,2024-04-19 21:59:43
2024,立夏,2024-05-05 08:09:57
2024,小满,2024-05-20 20:59:26
2024,芒种,2024-06-05 12:09:44
2024,夏至,2024-06-21 04:50:52
2024,小暑,2024-07-06 22:19:53
2024,大暑,2024-07-22 15:44:13
2024,立秋,2024-08-07 08:09:07
2024,处暑,2024-08-22 22:54:50
2024,白露,2024-09-07 11:11:13
2024,秋分,2024-09-22 20:43:34
2024,寒露,2024-10-08 02:59:51
2024,霜降,2024-10-23 06:14:41
2024,立冬,2024-11-07 06:19:55
2024,小雪,2024-11-22 03:56:21
2024,大雪,2024-12-06 23:16:48
2024,冬至,2024-12-21 17:20:22
2025,小寒,2025-01-05 10:32:33
2025,大寒,2025-01-20 03:59:57
2025,立春,2025-02-03 22:10:19
2025,雨水,2025-02-18 18:06:30
2025,惊蛰,2025-03-05 16:07:11
2025,春分,2025-03-20 17:01:23
2025,清明,2025-04-04 20:48:25
2025,谷雨,2025-04-20 03:55:52
2025,立夏,2025-05-05 13:57:06
2025,小满,2025-05-21 02:54:33
2025,芒种,2025-06-05 17:56:30
2025,夏至,2025-06-21 10:42:09
2025,小暑,2025-07-07 04:04:56
2025,大暑,2025-07-22 21:29:20
2025,立秋,2025-08-07 13:51:27
2025,处暑,2025-08-23 04:33:44
2025,白露,2025-09-07 16:51:49
2025,秋分,2025-09-23 02:19:16
2025,寒露,2025-10-08 08:41:07
2025,霜降,2025-10-23 11:50:52
2025,立冬,2025-11-07 12:03:56
2025,小雪,2025-11-22 09:35:26
2025,大雪,2025-12-07 05:04:24
2025,冬至,2025-12-21 23:02:53
2026,小寒,2026-01-05 16:22:58
2026,大寒,2026-01-20 09:44:46
2026,立春,2026-02-04 04:02:00
2026,雨水,2026-02-18 23:51:46
2026,惊蛰,2026-03-05 21:58:51
2026,春分,2026-03-20 22:45:46
2026,清明,2026-04-05 02:39:50
2026,谷雨,2026-04-20 09:38:57
2026,立夏,2026-05-05 19:48:34
2026,小满,2026-05-21 08:36:37
2026,芒种,2026-06-05 23:48:11
2026,夏至,2026-06-21 16:24:22
2026,小暑,2026-07-07 09:56:47
2026,大暑,2026-07-23 03:12:57
2026,立秋,2026-08-07 19:42:32
2026,处暑,2026-08-23 10:18:38
2026,白露,2026-09-07 22:41:07
2026,秋分,2026-09-23 08:05:05
2026,寒露,2026-10-08 14:29:09
2026,霜降,2026-10-23 17:37:44
2026,立冬,2026-11-07 17:51:51
2026,小雪,2026-11-22 15:23:05
2026,大雪,2026-12-07 10:52:20
2026,冬至,2026-12-22 04:50:03
2027,小寒,2027-01-05 22:09:50
2027,大寒,2027-01-20 15:29:41
2027,立春,2027-02-04 09:46:08
2027,雨水,2027-02-19 05:33:18
2027,惊蛰,2027-03-06 03:39:19
2027,春分,2027-03-21 04:24:32
2027,清明,2027-04-05 08:17:19
2027,谷雨,2027-04-20 15:17:33
2027,立夏,2027-05-06 01:25:04
2027,小满,2027-05-21 14:18:09
2027,芒种,2027-06-06 05:25:41
2027,夏至,2027-06-21 22:10:40
2027,小暑,2027-07-07 15:36:55
2027,大暑,2027-07-23 09:04:27
2027,立秋,2027-08-08 01:26:36
2027,处暑,2027-08-23 16:14:07
2027,白露,2027-09-08 04:28:17
2027,秋分,2027-09-23 14:01:32
2027,寒露,2027-10-08 20:16:54
2027,霜降,2027-10-23 23:32:40
2027,立冬,2027-11-07 23:38:20
2027,小雪,2027-11-22 21:16:01
2027,大雪,2027-12-07 16:37:26
2027,冬至,2027-12-22 10:42:00
2028,小寒,2028-01-06 03:54:26
2028,大寒,2028-01-20 21:21:49
2028,立春,2028-02-04 15:31:00
2028,雨水,2028-02-19 11:25:50
2028,惊蛰,2028-03-05 09:24:31
2028,春分,2028-03-20 10:16:52
2028,清明,2028-04-04 14:02:51
2028,谷雨,2028-04-19 21:09:16
2028,立夏,2028-05-05 07:12:03
2028,小满,2028-05-20 20:09:37
2028,芒种,2028-06-05 11:15:49
2028,夏至,2028-06-21 04:01:46
2028,小暑,2028-07-06 21:30:06
2028,大暑,2028-07-22 14:53:49
2028,立秋,2028-08-07 07:20:58
2028,处暑,2028-08-22 22:00:44
2028,白露,2028-09-07 10:21:53
2028,秋分,2028-09-22 19:45:06
2028,寒露,2028-10-08 02:08:16
2028,霜降,2028-10-23 05:13:13
2028,立冬,2028-11-07 05:27:06
2028,小雪,2028-11-22 02:54:14
2028,大雪,2028-12-06 22:24:31
2028,冬至,2028-12-21 16:19:28
2029,小寒,2029-01-05 09:41:43
2029,大寒,2029-01-20 03:00:37
2029,立春,2029-02-03 21:20:31
2029,雨水,2029-02-18 17:07:36
2029,惊蛰,2029-03-05 15:17:20
2029,春分,2029-03-20 16:01:40
2029,清明,2029-04-04 19:58:09
2029,谷雨,2029-04-20 02:55:28
2029,立夏,2029-05-05 13:07:33
2029,小满,2029-05-21 01:55:40
2029,芒种,2029-06-05 17:09:43
2029,夏至,2029-06-21 09:48:06
2029,小暑,2029-07-07 03:22:11
2029,大暑,2029-07-22 20:41:58
2029,立秋,2029-08-07 13:11:36
2029,处暑,2029-08-23 03:51:27
2029,白露,2029-09-07 16:11:43
2029,秋分,2029-09-23 01:38:15
2029,寒露,2029-10-08 07:57:54
2029,霜降,2029-10-23 11:07:51
2029,立冬,2029-11-07 11:16:35
2029,小雪,2029-11-22 08:49:13
2029,大雪,2029-12-07 04:13:42
2029,冬至,2029-12-21 22:13:59
2030,小寒,2030-01-05 15:30:20
2030,大寒,2030-01-20 08:54:06
2030,立春,2030-02-04 03:08:05
2030,雨水,2030-02-18 22:59:38
2030,惊蛰,2030-03-05 21:02:58
2030,春分,2030-03-20 21:51:51
2030,清明,2030-04-05 01:40:44
2030,谷雨,2030-04-20 08:43:21
2030,立夏,2030-05-05 18:46:03
2030,小满,2030-05-21 07:40:50
2030,芒种,2030-06-05 22:44:15
2030,夏至,2030-06-21 15:31:03
2030,小暑,2030-07-07 08:55:16
2030,大暑,2030-07-23 02:24:38
2030,立秋,2030-08-07 18:47:06
2030,处暑,2030-08-23 09:36:06
2030,白露,2030-09-07 21:52:31
2030,秋分,2030-09-23 07:26:34
2030,寒露,2030-10-08 13:44:54
2030,霜降,2030-10-23 17:00:16
2030,立冬,2030-11-07 17:08:23
2030,小雪,2030-11-22 14:44:20
2030,大雪,2030-12-07 10:07:20
2030,冬至,2030-12-22 04:09:23
2031,小寒,2031-01-05 21:22:54
2031,大寒,2031-01-20 14:47:43
2031,立春,2031-02-04 08:58:05
2031,雨水,2031-02-19 04:50:38
2031,惊蛰,2031-03-06 02:50:48
2031,春分,2031-03-21 03:40:41
2031,清明,2031-04-05 07:28:09
2031,谷雨,2031-04-20 14:30:57
2031,立夏,2031-05-06 00:34:57
2031,小满,2031-05-21 13:27:37
2031,芒种,2031-06-06 04:35:27
2031,夏至,2031-06-21 21:16:54
2031,小暑,2031-07-07 14:48:38
2031,大暑,2031-07-23 08:10:18
2031,立秋,2031-08-08 00:42:39
2031,处暑,2031-08-23 15:23:00
2031,白露,2031-09-08 03:49:47
2031,秋分,2031-09-23 13:14:59
2031,寒露,2031-10-08 19:42:41
2031,霜降,2031-10-23 22:49:10
2031,立冬,2031-11-07 23:05:24
2031,小雪,2031-11-22 20:32:14
2031,大雪,2031-12-07 16:02:33
2031,冬至,2031-12-22 09:55:08
2032,小寒,2032-01-06 03:15:46
2032,大寒,2032-01-20 20:30:57
2032,立春,2032-02-04 14:48:40
2032,雨水,2032-02-19 10:31:55
2032,惊蛰,2032-03-05 08:39:55
2032,春分,2032-03-20 09:21:34
2032,清明,2032-04-04 13:17:14
2032,谷雨,2032-04-19 20:13:48
2032,立夏,2032-05-05 06:25:28
2032,小满,2032-05-20 19:14:39
2032,芒种,2032-06-05 10:27:35
2032,夏至,2032-06-21 03:08:28
2032,小暑,2032-07-06 20:40:35
2032,大暑,2032-07-22 14:04:29
2032,立秋,2032-08-07 06:32:28
2032,处暑,2032-08-22 21:18:00
2032,白露,2032-09-07 09:37:36
2032,秋分,2032-09-22 19:10:31
2032,寒露,2032-10-08 01:30:04
2032,霜降,2032-10-23 04:45:54
2032,立冬,2032-11-07 04:53:56
2032,小雪,2032-11-22 02:30:51
2032,大雪,2032-12-06 21:52:57
2032,冬至,2032-12-21 15:55:34
2033,小寒,2033-01-05 09:07:44
2033,大寒,2033-01-20 02:32:28
2033,立春,2033-02-03 20:41:18
2033,雨水,2033-02-18 16:33:36
2033,惊蛰,2033-03-05 14:32:06
2033,春分,2033-03-20 15:22:28
2033,清明,2033-04-04 19:07:46
2033,谷雨,2033-04-20 02:12:48
2033,立夏,2033-05-05 12:13:28
2033,小满,2033-05-21 01:10:41
2033,芒种,2033-06-05 16:13:12
2033,夏至,2033-06-21 09:00:50
2033,小暑,2033-07-07 02:24:42
2033,大暑,2033-07-22 19:52:31
2033,立秋,2033-08-07 12:15:29
2033,处暑,2033-08-23 03:01:35
2033,白露,2033-09-07 15:20:05
2033,秋分,2033-09-23 00:51:25
2033,寒露,2033-10-08 07:13:36
2033,霜降,2033-10-23 10:27:15
2033,立冬,2033-11-07 10:40:37
2033,小雪,2033-11-22 08:15:42
2033,大雪,2033-12-07 03:44:27
2033,冬至,2033-12-21 21:45:35
2034,小寒,2034-01-05 15:04:10
2034,大寒,2034-01-20 08:27:01
2034,立春,2034-02-04 02:40:56
2034,雨水,2034-02-18 22:29:58
2034,惊蛰,2034-03-05 20:32:11
2034,春分,2034-03-20 21:17:13
2034,清明,2034-04-05 01:05:59
2034,谷雨,2034-04-20 08:03:25
2034,立夏,2034-05-05 18:08:52
2034,小满,2034-05-21 06:56:36
2034,芒种,2034-06-05 22:06:24
2034,夏至,2034-06-21 14:43:56
2034,小暑,2034-07-07 08:17:20
2034,大暑,2034-07-23 01:36:04
2034,立秋,2034-08-07 18:08:45
2034,处暑,2034-08-23 08:47:26
2034,白露,2034-09-07 21:13:41
2034,秋分,2034-09-23 06:39:19
2034,寒露,2034-10-08 13:06:54
2034,霜降,2034-10-23 16:16:10
2034,立冬,2034-11-07 16:33:21
2034,小雪,2034-11-22 14:04:36
2034,大雪,2034-12-07 09:36:31
2034,冬至,2034-12-22 03:33:43
2035,小寒,2035-01-05 20:55:30
2035,大寒,2035-01-20 14:14:04
2035,立春,2035-02-04 08:31:25
2035,雨水,2035-02-19 04:16:00
2035,惊蛰,2035-03-06 02:21:28
2035,春分,2035-03-21 03:02:33
2035,清明,2035-04-05 06:53:39
2035,谷雨,2035-04-20 13:48:49
2035,立夏,2035-05-05 23:54:42
2035,小满,2035-05-21 12:43:13
2035,芒种,2035-06-06 03:50:31
2035,夏至,2035-06-21 20:32:48
2035,小暑,2035-07-07 14:00:50
2035,大暑,2035-07-23 07:28:21
2035,立秋,2035-08-07 23:54:04
2035,处暑,2035-08-23 14:43:53
2035,白露,2035-09-08 03:02:15
2035,秋分,2035-09-23 12:38:42
2035,寒露,2035-10-08 18:57:27
2035,霜降,2035-10-23 22:15:56
2035,立冬,2035-11-07 22:23:36
2035,小雪,2035-11-22 20:02:59
2035,大雪,2035-12-07 15:25:15
2035,冬至,2035-12-22 09:30:39
2036,小寒,2036-01-06 02:43:13
2036,大寒,2036-01-20 20:10:48
2036,立春,2036-02-04 14:19:35
2036,雨水,2036-02-19 10:13:59
2036,惊蛰,2036-03-05 08:11:26
2036,春分,2036-03-20 09:02:28
2036,清明,2036-04-04 12:45:55
2036,谷雨,2036-04-19 19:50:11
2036,立夏,2036-05-05 05:49:08
2036,小满,2036-05-20 18:44:33
2036,芒种,2036-06-05 09:46:39
2036,夏至,2036-06-21 02:31:48
2036,小暑,2036-07-06 19:57:09
2036,大暑,2036-07-22 13:22:19
2036,立秋,2036-08-07 05:48:36
2036,处暑,2036-08-22 20:32:07
2036,白露,2036-09-07 08:54:41
2036,秋分,2036-09-22 18:23:04
2036,寒露,2036-10-08 00:48:43
2036,霜降,2036-10-23 03:58:36
2036,立冬,2036-11-07 04:14:24
2036,小雪,2036-11-22 01:45:03
2036,大雪,2036-12-06 21:15:45
2036,冬至,2036-12-21 15:12:35
2037,小寒,2037-01-05 08:33:45
2037,大寒,2037-01-20 01:53:22
2037,立春,2037-02-03 20:11:14
2037,雨水,2037-02-18 15:58:26
2037,惊蛰,2037-03-05 14:05:45
2037,春分,2037-03-20 14:49:47
2037,清明,2037-04-04 18:43:38
2037,谷雨,2037-04-20 01:39:55
2037,立夏,2037-05-05 11:49:05
2037,小满,2037-05-21 00:35:06
2037,芒种,2037-06-05 15:46:26
2037,夏至,2037-06-21 08:22:05
2037,小暑,2037-07-07 01:54:46
2037,大暑,2037-07-22 19:12:16
2037,立秋,2037-08-07 11:42:41
2037,处暑,2037-08-23 02:21:39
2037,白露,2037-09-07 14:45:09
2037,秋分,2037-09-23 00:12:38
2037,寒露,2037-10-08 06:37:24
2037,霜降,2037-10-23 09:49:26
2037,立冬,2037-11-07 10:03:43
2037,小雪,2037-11-22 07:38:02
2037,大雪,2037-12-07 03:06:59
2037,冬至,2037-12-21 21:07:22
2038,小寒,2038-01-05 14:26:20
2038,大寒,2038-01-20 07:48:19
2038,立春,2038-02-04 02:03:12
2038,雨水,2038-02-18 21:51:37
2038,惊蛰,2038-03-05 19:54:59
2038,春分,2038-03-20 20:40:14
2038,清明,2038-04-05 00:29:01
2038,谷雨,2038-04-20 07:28:09
2038,立夏,2038-05-05 17:30:47
2038,小满,2038-05-21 06:22:17
2038,芒种,2038-06-05 21:25:14
2038,夏至,2038-06-21 14:08:59
2038,小暑,2038-07-07 07:32:11
2038,大暑,2038-07-23 00:59:32
2038,立秋,2038-08-07 17:20:59
2038,处暑,2038-08-23 08:09:44
2038,白露,2038-09-07 20:25:53
2038,秋分,2038-09-23 06:01:49
2038,寒露,2038-10-08 12:21:08
2038,霜降,2038-10-23 15:40:19
2038,立冬,2038-11-07 15:50:29
2038,小雪,2038-11-22 13:31:02
2038,大雪,2038-12-07 08:56:02
2038,冬至,2038-12-22 03:02:00
2039,小寒,2039-01-05 20:16:16
2039,大寒,2039-01-20 13:43:16
2039,立春,2039-02-04 07:52:28
2039,雨水,2039-02-19 03:45:18
2039,惊蛰,2039-03-06 01:42:38
2039,春分,2039-03-21 02:31:38
2039,清明,2039-04-05 06:15:27
2039,谷雨,2039-04-20 13:17:24
2039,立夏,2039-05-05 23:17:49
2039,小满,2039-05-21 12:10:28
2039,芒种,2039-06-06 03:15:05
2039,夏至,2039-06-21 19:57:01
2039,小暑,2039-07-07 13:25:47
2039,大暑,2039-07-23 06:47:49
2039,立秋,2039-08-07 23:17:41
2039,处暑,2039-08-23 13:58:16
2039,白露,2039-09-08 02:23:35
2039,秋分,2039-09-23 11:49:16
2039,寒露,2039-10-08 18:16:56
2039,霜降,2039-10-23 21:24:45
2039,立冬,2039-11-07 21:42:34
2039,小雪,2039-11-22 19:11:47
2039,大雪,2039-12-07 14:44:42
2039,冬至,2039-12-22 08:40:08
2040,小寒,2040-01-06 02:03:14
2040,大寒,2040-01-20 19:20:37
2040,立春,2040-02-04 13:39:32
2040,雨水,2040-02-19 09:23:24
2040,惊蛰,2040-03-05 07:30:50
2040,春分,2040-03-20 08:11:16
2040,清明,2040-04-04 12:05:05
2040,谷雨,2040-04-19 18:59:08
2040,立夏,2040-05-05 05:08:56
2040,小满,2040-05-20 17:55:21
2040,芒种,2040-06-05 09:07:39
2040,夏至,2040-06-21 01:46:05
2040,小暑,2040-07-06 19:18:54
2040,大暑,2040-07-22 12:40:31
2040,立秋,2040-08-07 05:09:42
2040,处暑,2040-08-22 19:52:55
2040,白露,2040-09-07 08:13:44
2040,秋分,2040-09-22 17:44:30
2040,寒露,2040-10-08 00:05:13
2040,霜降,2040-10-23 03:19:24
2040,立冬,2040-11-07 03:29:00
2040,小雪,2040-11-22 01:05:08
2040,大雪,2040-12-06 20:29:38
2040,冬至,2040-12-21 14:32:23
2041,小寒,2041-01-05 07:47:39
2041,大寒,2041-01-20 01:12:52
2041,立春,2041-02-03 19:24:44
2041,雨水,2041-02-18 15:16:56
2041,惊蛰,2041-03-05 13:17:27
2041,春分,2041-03-20 14:06:24
2041,清明,2041-04-04 17:52:06
2041,谷雨,2041-04-20 00:54:29
2041,立夏,2041-05-05 10:54:05
2041,小满,2041-05-20 23:48:27
2041,芒种,2041-06-05 14:49:23
2041,夏至,2041-06-21 07:35:25
2041,小暑,2041-07-07 00:58:05
2041,大暑,2041-07-22 18:26:14
2041,立秋,2041-08-07 10:48:15
2041,处暑,2041-08-23 01:35:50
2041,白露,2041-09-07 13:53:06
2041,秋分,2041-09-22 23:26:08
2041,寒露,2041-10-08 05:46:30
2041,霜降,2041-10-23 09:01:31
2041,立冬,2041-11-07 09:12:37
2041,小雪,2041-11-22 06:48:50
2041,大雪,2041-12-07 02:15:19
2041,冬至,2041-12-21 20:17:53
2042,小寒,2042-01-05 13:34:42
2042,大寒,2042-01-20 06:59:38
2042,立春,2042-02-04 01:12:27
2042,雨水,2042-02-18 21:04:02
2042,惊蛰,2042-03-05 19:05:22
2042,春分,2042-03-20 19:52:49
2042,清明,2042-04-04 23:40:11
2042,谷雨,2042-04-20 06:39:16
2042,立夏,2042-05-05 16:42:26
2042,小满,2042-05-21 05:30:50
2042,芒种,2042-06-05 20:37:49
2042,夏至,2042-06-21 13:15:27
2042,小暑,2042-07-07 06:46:49
2042,大暑,2042-07-23 00:05:54
2042,立秋,2042-08-07 16:38:19
2042,处暑,2042-08-23 07:17:42
2042,白露,2042-09-07 19:45:06
2042,秋分,2042-09-23 05:11:11
2042,寒露,2042-10-08 11:40:14
2042,霜降,2042-10-23 14:49:05
2042,立冬,2042-11-07 15:07:10
2042,小雪,2042-11-22 12:36:51
2042,大雪,2042-12-07 08:08:47
2042,冬至,2042-12-22 02:03:39
2043,小寒,2043-01-05 19:25:00
2043,大寒,2043-01-20 12:41:14
2043,立春,2043-02-04 06:58:23
2043,雨水,2043-02-19 02:41:13
2043,惊蛰,2043-03-06 00:47:17
2043,春分,2043-03-21 01:27:17
2043,清明,2043-04-05 05:19:45
2043,谷雨,2043-04-20 12:13:59
2043,立夏,2043-05-05 22:21:35
2043,小满,2043-05-21 11:08:45
2043,芒种,2043-06-06 02:17:41
2043,夏至,2043-06-21 18:57:58
2043,小暑,2043-07-07 12:27:26
2043,大暑,2043-07-23 05:53:02
2043,立秋,2043-08-07 22:20:22
2043,处暑,2043-08-23 13:09:21
2043,白露,2043-09-08 01:29:48
2043,秋分,2043-09-23 11:06:33
2043,寒露,2043-10-08 17:27:20
2043,霜降,2043-10-23 20:46:27
2043,立冬,2043-11-07 20:55:24
2043,小雪,2043-11-22 18:34:40
2043,大雪,2043-12-07 13:56:55
2043,冬至,2043-12-22 08:00:50
2044,小寒,2044-01-06 01:12:04
2044,大寒,2044-01-20 18:37:02
2044,立春,2044-02-04 12:43:49
2044,雨水,2044-02-19 08:35:22
2044,惊蛰,2044-03-05 06:31:04
2044,春分,2044-03-20 07:20:04
2044,清明,2044-04-04 11:02:37
2044,谷雨,2044-04-19 18:06:19
2044,立夏,2044-05-05 04:05:07
2044,小满,2044-05-20 17:01:29
2044,芒种,2044-06-05 08:03:36
2044,夏至,2044-06-21 00:50:40
2044,小暑,2044-07-06 18:15:33
2044,大暑,2044-07-22 11:42:59
2044,立秋,2044-08-07 04:08:18
2044,处暑,2044-08-22 18:54:19
2044,白露,2044-09-07 07:16:05
2044,秋分,2044-09-22 16:47:25
2044,寒露,2044-10-07 23:12:47
2044,霜降,2044-10-23 02:25:50
2044,立冬,2044-11-07 02:41:32
2044,小雪,2044-11-22 00:14:55
2044,大雪,2044-12-06 19:44:48
2044,冬至,2044-12-21 13:43:13
2045,小寒,2045-01-05 07:02:07
2045,大寒,2045-01-20 00:21:46
2045,立春,2045-02-03 18:35:50
2045,雨水,2045-02-18 14:21:51
2045,惊蛰,2045-03-05 12:24:34
2045,春分,2045-03-20 13:07:08
2045,清明,2045-04-04 16:56:52
2045,谷雨,2045-04-19 23:52:26
2045,立夏,2045-05-05 09:59:06
2045,小满,2045-05-20 22:45:35
2045,芒种,2045-06-05 13:56:32
2045,夏至,2045-06-21 06:33:28
2045,小暑,2045-07-07 00:07:36
2045,大暑,2045-07-22 17:26:22
2045,立秋,2045-08-07 09:59:12
2045,处暑,2045-08-23 00:38:44
2045,白露,2045-09-07 13:04:58
2045,秋分,2045-09-22 22:32:25
2045,寒露,2045-10-08 05:00:07
2045,霜降,2045-10-23 08:11:59
2045,立冬,2045-11-07 08:29:22
2045,小雪,2045-11-22 06:03:23
2045,大雪,2045-12-07 01:35:11
2045,冬至,2045-12-21 19:34:41
2046,小寒,2046-01-05 12:55:32
2046,大寒,2046-01-20 06:15:21
2046,立春,2046-02-04 00:30:34
2046,雨水,2046-02-18 20:15:09
2046,惊蛰,2046-03-05 18:17:19
2046,春分,2046-03-20 18:57:29
2046,清明,2046-04-04 22:44:30
2046,谷雨,2046-04-20 05:38:31
2046,立夏,2046-05-05 15:40:12
2046,小满,2046-05-21 04:28:02
2046,芒种,2046-06-05 19:31:48
2046,夏至,2046-06-21 12:14:14
2046,小暑,2046-07-07 05:39:56
2046,大暑,2046-07-22 23:08:17
2046,立秋,2046-08-07 15:32:56
2046,处暑,2046-08-23 06:24:02
2046,白露,2046-09-07 18:42:48
2046,秋分,2046-09-23 04:21:12
2046,寒露,2046-10-08 10:41:56
2046,霜降,2046-10-23 14:03:08
2046,立冬,2046-11-07 14:13:45
2046,小雪,2046-11-22 11:55:54
2046,大雪,2046-12-07 07:20:50
2046,冬至,2046-12-22 01:28:02
2047,小寒,2047-01-05 18:41:50
2047,大寒,2047-01-20 12:09:28
2047,立春,2047-02-04 06:17:29
2047,雨水,2047-02-19 02:09:55
2047,惊蛰,2047-03-06 00:04:49
2047,春分,2047-03-21 00:52:14
2047,清明,2047-04-05 04:32:16
2047,谷雨,2047-04-20 11:32:05
2047,立夏,2047-05-05 21:28:06
2047,小满,2047-05-21 10:19:25
2047,芒种,2047-06-06 01:20:25
2047,夏至,2047-06-21 18:03:03
2047,小暑,2047-07-07 11:30:07
2047,大暑,2047-07-23 04:55:09
2047,立秋,2047-08-07 21:25:29
2047,处暑,2047-08-23 12:10:27
2047,白露,2047-09-08 00:37:40
2047,秋分,2047-09-23 10:07:40
2047,寒露,2047-10-08 16:37:13
2047,霜降,2047-10-23 19:48:09
2047,立冬,2047-11-07 20:06:53
2047,小雪,2047-11-22 17:37:48
2047,大雪,2047-12-07 13:10:35
2047,冬至,2047-12-22 07:06:45
2048,小寒,2048-01-06 00:28:58
2048,大寒,2048-01-20 17:46:40
2048,立春,2048-02-04 12:04:15
2048,雨水,2048-02-19 07:48:05
2048,惊蛰,2048-03-05 05:53:45
2048,春分,2048-03-20 06:33:25
2048,清明,2048-04-04 10:24:53
2048,谷雨,2048-04-19 17:17:02
2048,立夏,2048-05-05 03:24:06
2048,小满,2048-05-20 16:07:41
2048,芒种,2048-06-05 07:17:56
2048,夏至,2048-06-20 23:53:37
2048,小暑,2048-07-06 17:26:26
2048,大暑,2048-07-22 10:46:36
2048,立秋,2048-08-07 03:18:27
2048,处暑,2048-08-22 18:02:05
2048,白露,2048-09-07 06:27:41
2048,秋分,2048-09-22 16:00:13
2048,寒露,2048-10-07 22:26:22
2048,霜降,2048-10-23 01:42:17
2048,立冬,2048-11-07 01:56:25
2048,小雪,2048-11-21 23:32:58
2048,大雪,2048-12-06 19:00:18
2048,冬至,2048-12-21 13:01:44
2049,小寒,2049-01-05 06:18:14
2049,大寒,2049-01-19 23:40:50
2049,立春,2049-02-03 17:53:00
2049,雨水,2049-02-18 13:41:59
2049,惊蛰,2049-03-05 11:42:31
2049,春分,2049-03-20 12:28:10
2049,清明,2049-04-04 16:13:48
2049,谷雨,2049-04-19 23:12:55
2049,立夏,2049-05-05 09:12:05
2049,小满,2049-05-20 22:03:17
2049,芒种,2049-06-05 13:03:13
2049,夏至,2049-06-21 05:46:46
2049,小暑,2049-07-06 23:08:19
2049,大暑,2049-07-22 16:35:47
2049,立秋,2049-08-07 08:57:26
2049,处暑,2049-08-22 23:46:51
2049,白露,2049-09-07 12:05:04
2049,秋分,2049-09-22 21:42:10
2049,寒露,2049-10-08 04:04:33
2049,霜降,2049-10-23 07:24:46
2049,立冬,2049-11-07 07:37:54
2049,小雪,2049-11-22 05:18:49
2049,大雪,2049-12-07 00:46:06
2049,冬至,2049-12-21 18:51:41
2050,小寒,2050-01-05 12:07:25
2050,大寒,2050-01-20 05:33:23
2050,立春,2050-02-03 23:43:23
2050,雨水,2050-02-18 19:34:39
2050,惊蛰,2050-03-05 17:32:16
2050,春分,2050-03-20 18:19:03
2050,清明,2050-04-04 22:02:42
2050,谷雨,2050-04-20 05:01:35
2050,立夏,2050-05-05 15:01:23
2050,小满,2050-05-21 03:50:11
2050,芒种,2050-06-05 18:54:11
2050,夏至,2050-06-21 11:32:20
2050,小暑,2050-07-07 05:01:12
2050,大暑,2050-07-22 22:20:47
2050,立秋,2050-08-07 14:51:52
2050,处暑,2050-08-23 05:32:11
2050,白露,2050-09-07 18:00:12
2050,秋分,2050-09-23 03:28:05
2050,寒露,2050-10-08 09:59:41
2050,霜降,2050-10-23 13:11:14
2050,立冬,2050-11-07 13:33:03
2050,小雪,2050-11-22 11:05:38
2050,大雪,2050-12-07 06:41:11
2050,冬至,2050-12-22 00:38:05
2051,小寒,2051-01-05 18:01:38
2051,大寒,2051-01-20 11:18:10
2051,立春,2051-02-04 05:35:30
2051,雨水,2051-02-19 01:16:47
2051,惊蛰,2051-03-05 23:21:23
2051,春分,2051-03-20 23:58:30
2051,清明,2051-04-05 03:49:03
2051,谷雨,2051-04-20 10:40:04
2051,立夏,2051-05-05 20:46:31
2051,小满,2051-05-21 09:30:52
2051,芒种,2051-06-06 00:40:04
2051,夏至,2051-06-21 17:18:04
2051,小暑,2051-07-07 10:48:49
2051,大暑,2051-07-23 04:12:22
2051,立秋,2051-08-07 20:41:17
2051,处暑,2051-08-23 11:28:36
2051,白露,2051-09-07 23:50:51
2051,秋分,2051-09-23 09:26:50
2051,寒露,2051-10-08 15:49:57
2051,霜降,2051-10-23 19:09:32
2051,立冬,2051-11-07 19:21:32
2051,小雪,2051-11-22 17:02:14
2051,大雪,2051-12-07 12:28:00
2051,冬至,2051-12-22 06:33:31
2052,小寒,2052-01-05 23:47:57
2052,大寒,2052-01-20 17:13:39
2052,立春,2052-02-04 11:22:21
2052,雨水,2052-02-19 07:13:01
2052,惊蛰,2052-03-05 05:08:52
2052,春分,2052-03-20 05:55:28
2052,清明,2052-04-04 09:36:42
2052,谷雨,2052-04-19 16:37:24
2052,立夏,2052-05-05 02:34:15
2052,小满,2052-05-20 15:28:25
2052,芒种,2052-06-05 06:28:52
2052,夏至,2052-06-20 23:15:35
2052,小暑,2052-07-06 16:39:26
2052,大暑,2052-07-22 10:08:17
2052,立秋,2052-08-07 02:32:42
2052,处暑,2052-08-22 17:20:53
2052,白露,2052-09-07 05:41:29
2052,秋分,2052-09-22 15:15:03
2052,寒露,2052-10-07 21:39:09
2052,霜降,2052-10-23 00:54:35
2052,立冬,2052-11-07 01:09:18
2052,小雪,2052-11-21 22:45:28
2052,大雪,2052-12-06 18:14:56
2052,冬至,2052-12-21 12:16:39
2053,小寒,2053-01-05 05:35:32
2053,大寒,2053-01-19 22:58:38
2053,立春,2053-02-03 17:12:26
2053,雨水,2053-02-18 13:01:17
2053,惊蛰,2053-03-05 11:02:44
2053,春分,2053-03-20 11:46:49
2053,清明,2053-04-04 15:34:00
2053,谷雨,2053-04-19 22:29:44
2053,立夏,2053-05-05 08:33:03
2053,小满,2053-05-20 21:19:00
2053,芒种,2053-06-05 12:27:01
2053,夏至,2053-06-21 05:03:33
2053,小暑,2053-07-06 22:36:32
2053,大暑,2053-07-22 15:55:41
2053,立秋,2053-08-07 08:29:29
2053,处暑,2053-08-22 23:09:44
2053,白露,2053-09-07 11:38:04
2053,秋分,2053-09-22 21:05:43
2053,寒露,2053-10-08 03:35:30
2053,霜降,2053-10-23 06:46:41
2053,立冬,2053-11-07 07:05:41
2053,小雪,2053-11-22 04:38:20
2053,大雪,2053-12-07 00:11:29
2053,冬至,2053-12-21 18:09:28
2054,小寒,2054-01-05 11:31:45
2054,大寒,2054-01-20 04:50:23
2054,立春,2054-02-03 23:07:19
2054,雨水,2054-02-18 18:51:00
2054,惊蛰,2054-03-05 16:55:00
2054,春分,2054-03-20 17:34:00
2054,清明,2054-04-04 21:22:32
2054,谷雨,2054-04-20 04:14:36
2054,立夏,2054-05-05 14:17:17
2054,小满,2054-05-21 03:02:28
2054,芒种,2054-06-05 18:06:56
2054,夏至,2054-06-21 10:46:40
2054,小暑,2054-07-07 04:13:19
2054,大暑,2054-07-22 21:40:07
2054,立秋,2054-08-07 14:06:30
2054,处暑,2054-08-23 04:57:56
2054,白露,2054-09-07 17:19:04
2054,秋分,2054-09-23 02:59:01
2054,寒露,2054-10-08 09:21:44
2054,霜降,2054-10-23 12:44:23
2054,立冬,2054-11-07 12:55:48
2054,小雪,2054-11-22 10:38:23
2054,大雪,2054-12-07 06:02:51
2054,冬至,2054-12-22 00:09:25
2055,小寒,2055-01-05 17:21:57
2055,大寒,2055-01-20 10:48:27
2055,立春,2055-02-04 04:55:10
2055,雨水,2055-02-19 00:46:46
2055,惊蛰,2055-03-05 22:40:50
2055,春分,2055-03-20 23:28:06
2055,清明,2055-04-05 03:07:41
2055,谷雨,2055-04-20 10:08:00
2055,立夏,2055-05-05 20:03:19
2055,小满,2055-05-21 08:55:38
2055,芒种,2055-06-05 23:55:24
2055,夏至,2055-06-21 16:39:25
2055,小暑,2055-07-07 10:04:50
2055,大暑,2055-07-23 03:31:38
2055,立秋,2055-08-07 20:00:34
2055,处暑,2055-08-23 10:48:04
2055,白露,2055-09-07 23:15:01
2055,秋分,2055-09-23 08:48:22
2055,寒露,2055-10-08 15:18:38
2055,霜降,2055-10-23 18:32:59
2055,立冬,2055-11-07 18:52:20
2055,小雪,2055-11-22 16:25:44
2055,大雪,2055-12-07 11:57:57
2055,冬至,2055-12-22 05:55:04
2056,小寒,2056-01-05 23:15:07
2056,大寒,2056-01-20 16:32:22
2056,立春,2056-02-04 10:46:38
2056,雨水,2056-02-19 06:29:24
2056,惊蛰,2056-03-05 04:31:38
2056,春分,2056-03-20 05:10:31
2056,清明,2056-04-04 08:59:27
2056,谷雨,2056-04-19 15:51:33
2056,立夏,2056-05-05 01:57:25
2056,小满,2056-05-20 14:41:24
2056,芒种,2056-06-05 05:51:46
2056,夏至,2056-06-20 22:27:43
2056,小暑,2056-07-06 16:01:46
2056,大暑,2056-07-22 09:21:44
2056,立秋,2056-08-07 01:55:31
2056,处暑,2056-08-22 16:38:32
2056,白露,2056-09-07 05:06:47
2056,秋分,2056-09-22 14:39:00
2056,寒露,2056-10-07 21:08:38
2056,霜降,2056-10-23 00:24:52
2056,立冬,2056-11-07 00:42:52
2056,小雪,2056-11-21 22:19:43
2056,大雪,2056-12-06 17:50:23
2056,冬至,2056-12-21 11:51:05
2057,小寒,2057-01-05 05:09:31
2057,大寒,2057-01-19 22:29:41
2057,立春,2057-02-03 16:42:02
2057,雨水,2057-02-18 12:27:00
2057,惊蛰,2057-03-05 10:26:29
2057,春分,2057-03-20 11:07:26
2057,清明,2057-04-04 14:52:01
2057,谷雨,2057-04-19 21:47:01
2057,立夏,2057-05-05 07:46:09
2057,小满,2057-05-20 20:34:48
2057,芒种,2057-06-05 11:35:52
2057,夏至,2057-06-21 04:18:37
2057,小暑,2057-07-06 21:41:57
2057,大暑,2057-07-22 15:10:11
2057,立秋,2057-08-07 07:33:27
2057,处暑,2057-08-22 22:24:33
2057,白露,2057-09-07 10:43:41
2057,秋分,2057-09-22 20:22:54
2057,寒露,2057-10-08 02:45:45
2057,霜降,2057-10-23 06:08:36
2057,立冬,2057-11-07 06:22:17
2057,小雪,2057-11-22 04:06:13
2057,大雪,2057-12-06 23:34:05
2057,冬至,2057-12-21 17:42:24
2058,小寒,2058-01-05 10:58:02
2058,大寒,2058-01-20 04:25:36
2058,立春,2058-02-03 22:34:02
2058,雨水,2058-02-18 18:25:09
2058,惊蛰,2058-03-05 16:19:23
2058,春分,2058-03-20 17:04:29
2058,清明,2058-04-04 20:43:28
2058,谷雨,2058-04-20 03:40:21
2058,立夏,2058-05-05 13:35:33
2058,小满,2058-05-21 02:23:36
2058,芒种,2058-06-05 17:24:19
2058,夏至,2058-06-21 10:03:38
2058,小暑,2058-07-07 03:31:05
2058,大暑,2058-07-22 20:53:22
2058,立秋,2058-08-07 13:24:45
2058,处暑,2058-08-23 04:08:19
2058,白露,2058-09-07 16:37:32
2058,秋分,2058-09-23 02:08:01
2058,寒露,2058-10-08 08:40:46
2058,霜降,2058-10-23 11:53:56
2058,立冬,2058-11-07 12:16:39
2058,小雪,2058-11-22 09:50:19
2058,大雪,2058-12-07 05:26:41
2058,冬至,2058-12-21 23:24:32
2059,小寒,2059-01-05 16:48:46
2059,大寒,2059-01-20 10:06:03
2059,立春,2059-02-04 04:23:29
2059,雨水,2059-02-19 00:04:41
2059,惊蛰,2059-03-05 22:08:14
2059,春分,2059-03-20 22:43:46
2059,清明,2059-04-05 02:32:00
2059,谷雨,2059-04-20 09:19:52
2059,立夏,2059-05-05 19:23:34
2059,小满,2059-05-21 08:04:12
2059,芒种,2059-06-05 23:11:50
2059,夏至,2059-06-21 15:46:54
2059,小暑,2059-07-07 09:18:22
2059,大暑,2059-07-23 02:40:30
2059,立秋,2059-08-07 19:12:19
2059,处暑,2059-08-23 09:59:45
2059,白露,2059-09-07 22:26:09
2059,秋分,2059-09-23 08:03:03
2059,寒露,2059-10-08 14:30:09
2059,霜降,2059-10-23 17:50:15
2059,立冬,2059-11-07 18:05:10
2059,小雪,2059-11-22 15:45:29
2059,大雪,2059-12-07 11:13:10
2059,冬至,2059-12-22 05:17:35
2060,小寒,2060-01-05 22:33:27
2060,大寒,2060-01-20 15:57:44
2060,立春,2060-02-04 10:07:42
2060,雨水,2060-02-19 05:56:45
2060,惊蛰,2060-03-05 03:53:31
2060,春分,2060-03-20 04:38:00
2060,清明,2060-04-04 08:19:13
2060,谷雨,2060-04-19 15:16:57
2060,立夏,2060-05-05 01:12:24
2060,小满,2060-05-20 14:03:05
2060,芒种,2060-06-05 05:01:06
2060,夏至,2060-06-20 21:45:09
2060,小暑,2060-07-06 15:06:51
2060,大暑,2060-07-22 08:35:17
2060,立秋,2060-08-07 00:58:42
2060,处暑,2060-08-22 15:49:02
2060,白露,2060-09-07 04:10:04
2060,秋分,2060-09-22 13:47:42
2060,寒露,2060-10-07 20:12:59
2060,霜降,2060-10-22 23:32:59
2060,立冬,2060-11-06 23:48:25
2060,小雪,2060-11-21 21:28:13
2060,大雪,2060-12-06 16:57:08
2060,冬至,2060-12-21 11:01:01
2061,小寒,2061-01-05 04:18:00
2061,大寒,2061-01-19 21:42:09
2061,立春,2061-02-03 15:53:14
2061,雨水,2061-02-18 11:42:39
2061,惊蛰,2061-03-05 09:41:08
2061,春分,2061-03-20 10:25:44
2061,清明,2061-04-04 14:09:54
2061,谷雨,2061-04-19 21:06:00
2061,立夏,2061-05-05 07:06:01
2061,小满,2061-05-20 19:51:47
2061,芒种,2061-06-05 10:56:09
2061,夏至,2061-06-21 03:31:50
2061,小暑,2061-07-06 21:01:41
2061,大暑,2061-07-22 14:20:01
2061,立秋,2061-08-07 06:52:27
2061,处暑,2061-08-22 21:32:45
2061,白露,2061-09-07 10:02:05
2061,秋分,2061-09-22 19:30:54
2061,寒露,2061-10-08 02:03:39
2061,霜降,2061-10-23 05:16:46
2061,立冬,2061-11-07 05:39:30
2061,小雪,2061-11-22 03:13:50
2061,大雪,2061-12-06 22:50:03
2061,冬至,2061-12-21 16:48:25
2062,小寒,2062-01-05 10:12:13
2062,大寒,2062-01-20 03:29:36
2062,立春,2062-02-03 21:46:30
2062,雨水,2062-02-18 17:27:45
2062,惊蛰,2062-03-05 15:30:55
2062,春分,2062-03-20 16:07:02
2062,清明,2062-04-04 19:54:56
2062,谷雨,2062-04-20 02:44:10
2062,立夏,2062-05-05 12:46:53
2062,小满,2062-05-21 01:29:19
2062,芒种,2062-06-05 16:34:15
2062,夏至,2062-06-21 09:10:57
2062,小暑,2062-07-07 02:37:59
2062,大暑,2062-07-22 20:01:45
2062,立秋,2062-08-07 12:28:31
2062,处暑,2062-08-23 03:17:50
2062,白露,2062-09-07 15:39:57
2062,秋分,2062-09-23 01:19:25
2062,寒露,2062-10-08 07:44:03
2062,霜降,2062-10-23 11:07:52
2062,立冬,2062-11-07 11:22:02
2062,小雪,2062-11-22 09:06:40
2062,大雪,2062-12-07 04:34:00
2062,冬至,2062-12-21 22:42:14
2063,小寒,2063-01-05 15:56:45
2063,大寒,2063-01-20 09:23:33
2063,立春,2063-02-04 03:30:40
2063,雨水,2063-02-18 23:20:55
2063,惊蛰,2063-03-05 21:13:54
2063,春分,2063-03-20 21:58:49
2063,清明,2063-04-05 01:36:27
2063,谷雨,2063-04-20 08:34:34
2063,立夏,2063-05-05 18:27:53
2063,小满,2063-05-21 07:19:10
2063,芒种,2063-06-05 22:17:10
2063,夏至,2063-06-21 15:01:31
2063,小暑,2063-07-07 08:25:07
2063,大暑,2063-07-23 01:52:57
2063,立秋,2063-08-07 18:19:39
2063,处暑,2063-08-23 09:08:20
2063,白露,2063-09-07 21:33:02
2063,秋分,2063-09-23 07:07:49
2063,寒露,2063-10-08 13:36:27
2063,霜降,2063-10-23 16:52:53
2063,立冬,2063-11-07 17:11:34
2063,小雪,2063-11-22 14:47:50
2063,大雪,2063-12-07 10:20:10
2063,冬至,2063-12-22 04:20:34
2064,小寒,2064-01-05 21:40:45
2064,大寒,2064-01-20 15:00:53
2064,立春,2064-02-04 09:14:22
2064,雨水,2064-02-19 04:58:50
2064,惊蛰,2064-03-05 02:58:52
2064,春分,2064-03-20 03:38:03
2064,清明,2064-04-04 07:23:46
2064,谷雨,2064-04-19 14:15:14
2064,立夏,2064-05-05 00:17:54
2064,小满,2064-05-20 13:01:08
2064,芒种,2064-06-05 04:09:31
2064,夏至,2064-06-20 20:45:09
2064,小暑,2064-07-06 14:19:05
2064,大暑,2064-07-22 07:38:55
2064,立秋,2064-08-07 00:13:49
2064,处暑,2064-08-22 14:56:11
2064,白露,2064-09-07 03:25:52
2064,秋分,2064-09-22 12:56:35
2064,寒露,2064-10-07 19:27:31
2064,霜降,2064-10-22 22:41:49
2064,立冬,2064-11-06 23:01:09
2064,小雪,2064-11-21 20:36:13
2064,大雪,2064-12-06 16:08:42
2064,冬至,2064-12-21 10:08:10
2065,小寒,2065-01-05 03:28:57
2065,大寒,2065-01-19 20:48:20
2065,立春,2065-02-03 15:03:11
2065,雨水,2065-02-18 10:47:10
2065,惊蛰,2065-03-05 08:48:37
2065,春分,2065-03-20 09:27:41
2065,清明,2065-04-04 13:13:18
2065,谷雨,2065-04-19 20:05:22
2065,立夏,2065-05-05 06:04:50
2065,小满,2065-05-20 18:50:11
2065,芒种,2065-06-05 09:51:37
2065,夏至,2065-06-21 02:31:54
2065,小暑,2065-07-06 19:56:17
2065,大暑,2065-07-22 13:23:52
2065,立秋,2065-08-07 05:48:49
2065,处暑,2065-08-22 20:40:52
2065,白露,2065-09-07 09:01:30
2065,秋分,2065-09-22 18:42:07
2065,寒露,2065-10-08 01:05:22
2065,霜降,2065-10-23 04:29:06
2065,立冬,2065-11-07 04:41:55
2065,小雪,2065-11-22 02:25:58
2065,大雪,2065-12-06 21:52:11
2065,冬至,2065-12-21 16:00:11
2066,小寒,2066-01-05 09:14:10
2066,大寒,2066-01-20 02:41:34
2066,立春,2066-02-03 20:48:47
2066,雨水,2066-02-18 16:40:13
2066,惊蛰,2066-03-05 14:33:35
2066,春分,2066-03-20 15:19:19
2066,清明,2066-04-04 18:57:15
2066,谷雨,2066-04-20 01:54:47
2066,立夏,2066-05-05 11:48:15
2066,小满,2066-05-21 00:37:00
2066,芒种,2066-06-05 15:35:27
2066,夏至,2066-06-21 08:15:56
2066,小暑,2066-07-07 01:41:24
2066,大暑,2066-07-22 19:05:47
2066,立秋,2066-08-07 11:36:24
2066,处暑,2066-08-23 02:23:03
2066,白露,2066-09-07 14:52:52
2066,秋分,2066-09-23 00:26:39
2066,寒露,2066-10-08 07:00:23
2066,霜降,2066-10-23 10:15:55
2066,立冬,2066-11-07 10:38:41
2066,小雪,2066-11-22 08:13:04
2066,大雪,2066-12-07 03:48:00
2066,冬至,2066-12-21 21:45:05
2067,小寒,2067-01-05 15:06:40
2067,大寒,2067-01-20 08:22:28
2067,立春,2067-02-04 02:36:56
2067,雨水,2067-02-18 22:16:54
2067,惊蛰,2067-03-05 20:18:07
2067,春分,2067-03-20 20:53:13
2067,清明,2067-04-05 00:40:14
2067,谷雨,2067-04-20 07:28:15
2067,立夏,2067-05-05 17:31:48
2067,小满,2067-05-21 06:12:34
2067,芒种,2067-06-05 21:20:53
2067,夏至,2067-06-21 13:55:36
2067,小暑,2067-07-07 07:28:41
2067,大暑,2067-07-23 00:50:12
2067,立秋,2067-08-07 17:24:37
2067,处暑,2067-08-23 08:11:46
2067,白露,2067-09-07 20:41:50
2067,秋分,2067-09-23 06:19:11
2067,寒露,2067-10-08 12:50:34
2067,霜降,2067-10-23 16:11:24
2067,立冬,2067-11-07 16:30:08
2067,小雪,2067-11-22 14:10:17
2067,大雪,2067-12-07 09:40:18
2067,冬至,2067-12-22 03:42:47
2068,小寒,2068-01-05 20:59:05
2068,大寒,2068-01-20 14:19:38
2068,立春,2068-02-04 08:28:36
2068,雨水,2068-02-19 04:12:59
2068,惊蛰,2068-03-05 02:08:25
2068,春分,2068-03-20 02:48:34
2068,清明,2068-04-04 06:29:15
2068,谷雨,2068-04-19 13:24:00
2068,立夏,2068-05-04 23:20:09
2068,小满,2068-05-20 12:09:32
2068,芒种,2068-06-05 03:09:00
2068,夏至,2068-06-20 19:53:13
2068,小暑,2068-07-06 13:16:23
2068,大暑,2068-07-22 06:46:12
2068,立秋,2068-08-06 23:10:43
2068,处暑,2068-08-22 14:03:29
2068,白露,2068-09-07 02:25:22
2068,秋分,2068-09-22 12:06:20
2068,寒露,2068-10-07 18:32:37
2068,霜降,2068-10-22 21:56:36
2068,立冬,2068-11-06 22:13:01
2068,小雪,2068-11-21 19:56:42
2068,大雪,2068-12-06 15:25:51
2068,冬至,2068-12-21 09:32:22
2069,小寒,2069-01-05 02:47:56
2069,大寒,2069-01-19 20:12:45
2069,立春,2069-02-03 14:20:23
2069,雨水,2069-02-18 10:08:33
2069,惊蛰,2069-03-05 08:02:05
2069,春分,2069-03-20 08:44:34
2069,清明,2069-04-04 12:23:31
2069,谷雨,2069-04-19 19:18:14
2069,立夏,2069-05-05 05:14:14
2069,小满,2069-05-20 18:00:30
2069,芒种,2069-06-05 09:02:50
2069,夏至,2069-06-21 01:40:47
2069,小暑,2069-07-06 19:10:27
2069,大暑,2069-07-22 12:31:54
2069,立秋,2069-08-07 05:05:29
2069,处暑,2069-08-22 19:48:49
2069,白露,2069-09-07 08:20:07
2069,秋分,2069-09-22 17:51:23
2069,寒露,2069-10-08 00:26:31
2069,霜降,2069-10-23 03:41:40
2069,立冬,2069-11-07 04:07:02
2069,小雪,2069-11-22 01:43:09
2069,大雪,2069-12-06 21:21:53
2069,冬至,2069-12-21 15:21:31
2070,小寒,2070-01-05 08:46:57
2070,大寒,2070-01-20 02:04:22
2070,立春,2070-02-03 20:21:12
2070,雨水,2070-02-18 16:00:39
2070,惊蛰,2070-03-05 14:01:52
2070,春分,2070-03-20 14:34:22
2070,清明,2070-04-04 18:19:15
2070,谷雨,2070-04-20 01:03:58
2070,立夏,2070-05-05 11:04:13
2070,小满,2070-05-20 23:42:47
2070,芒种,2070-06-05 14:47:28
2070,夏至,2070-06-21 07:22:10
2070,小暑,2070-07-07 00:51:36
2070,大暑,2070-07-22 18:15:15
2070,立秋,2070-08-07 10:46:08
2070,处暑,2070-08-23 01:36:36
2070,白露,2070-09-07 14:03:16
2070,秋分,2070-09-22 23:44:16
2070,寒露,2070-10-08 06:12:51
2070,霜降,2070-10-23 09:37:54
2070,立冬,2070-11-07 09:55:07
2070,小雪,2070-11-22 07:40:30
2070,大雪,2070-12-07 03:10:17
2070,冬至,2070-12-21 21:18:50
2071,小寒,2071-01-05 14:35:22
2071,大寒,2071-01-20 08:01:52
2071,立春,2071-02-04 02:10:15
2071,雨水,2071-02-18 21:59:09
2071,惊蛰,2071-03-05 19:52:02
2071,春分,2071-03-20 20:34:12
2071,清明,2071-04-05 00:10:04
2071,谷雨,2071-04-20 07:04:22
2071,立夏,2071-05-05 16:54:41
2071,小满,2071-05-21 05:42:24
2071,芒种,2071-06-05 20:37:24
2071,夏至,2071-06-21 13:20:16
2071,小暑,2071-07-07 06:42:17
2071,大暑,2071-07-23 00:11:42
2071,立秋,2071-08-07 16:38:36
2071,处暑,2071-08-23 07:31:19
2071,白露,2071-09-07 19:57:24
2071,秋分,2071-09-23 05:37:15
2071,寒露,2071-10-08 12:07:26
2071,霜降,2071-10-23 15:28:40
2071,立冬,2071-11-07 15:48:08
2071,小雪,2071-11-22 13:28:09
2071,大雪,2071-12-07 09:00:13
2071,冬至,2071-12-22 03:03:20
2072,小寒,2072-01-05 20:22:26
2072,大寒,2072-01-20 13:44:39
2072,立春,2072-02-04 07:56:30
2072,雨水,2072-02-19 03:42:35
2072,惊蛰,2072-03-05 01:40:25
2072,春分,2072-03-20 02:20:29
2072,清明,2072-04-04 06:03:10
2072,谷雨,2072-04-19 12:54:26
2072,立夏,2072-05-04 22:53:11
2072,小满,2072-05-20 11:35:08
2072,芒种,2072-06-05 02:39:26
2072,夏至,2072-06-20 19:13:22
2072,小暑,2072-07-06 12:44:40
2072,大暑,2072-07-22 06:03:41
2072,立秋,2072-08-06 22:38:48
2072,处暑,2072-08-22 13:21:58
2072,白露,2072-09-07 01:54:37
2072,秋分,2072-09-22 11:27:20
2072,寒露,2072-10-07 18:02:49
2072,霜降,2072-10-22 21:19:23
2072,立冬,2072-11-06 21:43:20
2072,小雪,2072-11-21 19:19:51
2072,大雪,2072-12-06 14:55:52
2072,冬至,2072-12-21 08:55:23
2073,小寒,2073-01-05 02:18:16
2073,大寒,2073-01-19 19:36:26
2073,立春,2073-02-03 13:52:17
2073,雨水,2073-02-18 09:34:16
2073,惊蛰,2073-03-05 07:36:11
2073,春分,2073-03-20 08:12:46
2073,清明,2073-04-04 11:58:38
2073,谷雨,2073-04-19 18:47:42
2073,立夏,2073-05-05 04:47:14
2073,小满,2073-05-20 17:29:00
2073,芒种,2073-06-05 08:30:08
2073,夏至,2073-06-21 01:06:29
2073,小暑,2073-07-06 18:30:21
2073,大暑,2073-07-22 11:54:41
2073,立秋,2073-08-07 04:19:44
2073,处暑,2073-08-22 19:10:40
2073,白露,2073-09-07 07:32:45
2073,秋分,2073-09-22 17:14:42
2073,寒露,2073-10-07 23:40:41
2073,霜降,2073-10-23 03:07:27
2073,立冬,2073-11-07 03:23:29
2073,小雪,2073-11-22 01:10:53
2073,大雪,2073-12-06 20:39:47
2073,冬至,2073-12-21 14:50:09
2074,小寒,2074-01-05 08:05:28
2074,大寒,2074-01-20 01:33:38
2074,立春,2074-02-03 19:40:43
2074,雨水,2074-02-18 15:31:32
2074,惊蛰,2074-03-05 13:23:43
2074,春分,2074-03-20 14:08:19
2074,清明,2074-04-04 17:44:34
2074,谷雨,2074-04-20 00:41:10
2074,立夏,2074-05-05 10:32:39
2074,小满,2074-05-20 23:21:06
2074,芒种,2074-06-05 14:17:11
2074,夏至,2074-06-21 06:57:53
2074,小暑,2074-07-07 00:20:26
2074,大暑,2074-07-22 17:45:10
2074,立秋,2074-08-07 10:12:40
2074,处暑,2074-08-23 01:00:04
2074,白露,2074-09-07 13:27:46
2074,秋分,2074-09-22 23:03:19
2074,寒露,2074-10-08 05:36:39
2074,霜降,2074-10-23 08:55:13
2074,立冬,2074-11-07 09:19:04
2074,小雪,2074-11-22 06:57:20
2074,大雪,2074-12-07 02:33:54
2074,冬至,2074-12-21 20:34:46
2075,小寒,2075-01-05 13:57:25
2075,大寒,2075-01-20 07:16:00
2075,立春,2075-02-04 01:30:06
2075,雨水,2075-02-18 21:11:23
2075,惊蛰,2075-03-05 19:10:47
2075,春分,2075-03-20 19:45:56
2075,清明,2075-04-04 23:30:26
2075,谷雨,2075-04-20 06:17:50
2075,立夏,2075-05-05 16:19:08
2075,小满,2075-05-21 04:59:04
2075,芒种,2075-06-05 20:06:09
2075,夏至,2075-06-21 12:39:55
2075,小暑,2075-07-07 06:12:56
2075,大暑,2075-07-22 23:32:58
2075,立秋,2075-08-07 16:07:50
2075,处暑,2075-08-23 06:52:42
2075,白露,2075-09-07 19:23:26
2075,秋分,2075-09-23 04:58:18
2075,寒露,2075-10-08 11:30:58
2075,霜降,2075-10-23 14:50:04
2075,立冬,2075-11-07 15:11:06
2075,小雪,2075-11-22 12:50:37
2075,大雪,2075-12-07 08:23:56
2075,冬至,2075-12-22 02:26:33
2076,小寒,2076-01-05 19:46:33
2076,大寒,2076-01-20 13:07:10
2076,立春,2076-02-04 07:19:19
2076,雨水,2076-02-19 03:02:51
2076,惊蛰,2076-03-05 01:00:15
2076,春分,2076-03-20 01:38:15
2076,清明,2076-04-04 05:19:44
2076,谷雨,2076-04-19 12:11:27
2076,立夏,2076-05-04 22:07:50
2076,小满,2076-05-20 10:54:16
2076,芒种,2076-06-05 01:53:59
2076,夏至,2076-06-20 18:36:14
2076,小暑,2076-07-06 11:59:57
2076,大暑,2076-07-22 05:29:14
2076,立秋,2076-08-06 21:54:08
2076,处暑,2076-08-22 12:47:13
2076,白露,2076-09-07 01:08:30
2076,秋分,2076-09-22 10:49:44
2076,寒露,2076-10-07 17:14:21
2076,霜降,2076-10-22 20:38:33
2076,立冬,2076-11-06 20:53:00
2076,小雪,2076-11-21 18:37:17
2076,大雪,2076-12-06 14:04:59
2076,冬至,2076-12-21 08:12:54
2077,小寒,2077-01-05 01:27:54
2077,大寒,2077-01-19 18:54:49
2077,立春,2077-02-03 13:02:30
2077,雨水,2077-02-18 08:52:57
2077,惊蛰,2077-03-05 06:46:15
2077,春分,2077-03-20 07:30:29
2077,清明,2077-04-04 11:08:12
2077,谷雨,2077-04-19 18:03:52
2077,立夏,2077-05-05 03:57:33
2077,小满,2077-05-20 16:44:25
2077,芒种,2077-06-05 07:44:00
2077,夏至,2077-06-21 00:22:51
2077,小暑,2077-07-06 17:50:18
2077,大暑,2077-07-22 11:13:19
2077,立秋,2077-08-07 03:45:56
2077,处暑,2077-08-22 18:31:18
2077,白露,2077-09-07 07:02:33
2077,秋分,2077-09-22 16:35:14
2077,寒露,2077-10-07 23:10:08
2077,霜降,2077-10-23 02:25:23
2077,立冬,2077-11-07 02:49:45
2077,小雪,2077-11-22 00:24:51
2077,大雪,2077-12-06 20:02:01
2077,冬至,2077-12-21 14:00:17
2078,小寒,2078-01-05 07:24:14
2078,大寒,2078-01-20 00:40:46
2078,立春,2078-02-03 18:56:47
2078,雨水,2078-02-18 14:36:11
2078,惊蛰,2078-03-05 12:37:22
2078,春分,2078-03-20 13:10:17
2078,清明,2078-04-04 16:55:33
2078,谷雨,2078-04-19 23:40:21
2078,立夏,2078-05-05 09:41:04
2078,小满,2078-05-20 22:18:51
2078,芒种,2078-06-05 13:24:13
2078,夏至,2078-06-21 05:57:29
2078,小暑,2078-07-06 23:28:16
2078,大暑,2078-07-22 16:50:27
2078,立秋,2078-08-07 09:23:36
2078,处暑,2078-08-23 00:13:19
2078,白露,2078-09-07 12:43:05
2078,秋分,2078-09-22 22:23:55
2078,寒露,2078-10-08 04:55:28
2078,霜降,2078-10-23 08:19:57
2078,立冬,2078-11-07 08:38:52
2078,小雪,2078-11-22 06:22:20
2078,大雪,2078-12-07 01:52:12
2078,冬至,2078-12-21 19:57:24
2079,小寒,2079-01-05 13:12:54
2079,大寒,2079-01-20 06:35:21
2079,立春,2079-02-04 00:42:35
2079,雨水,2079-02-18 20:27:49
2079,惊蛰,2079-03-05 18:20:23
2079,春分,2079-03-20 19:00:07
2079,清明,2079-04-04 22:36:48
2079,谷雨,2079-04-20 05:29:59
2079,立夏,2079-05-05 15:21:41
2079,小满,2079-05-21 04:09:15
2079,芒种,2079-06-05 19:05:21
2079,夏至,2079-06-21 11:48:48
2079,小暑,2079-07-07 05:11:19
2079,大暑,2079-07-22 22:42:04
2079,立秋,2079-08-07 15:08:53
2079,处暑,2079-08-23 06:03:48
2079,白露,2079-09-07 18:29:44
2079,秋分,2079-09-23 04:12:39
2079,寒露,2079-10-08 10:42:54
2079,霜降,2079-10-23 14:07:28
2079,立冬,2079-11-07 14:26:35
2079,小雪,2079-11-22 12:09:08
2079,大雪,2079-12-07 07:39:28
2079,冬至,2079-12-22 01:43:29
2080,小寒,2080-01-05 18:59:05
2080,大寒,2080-01-20 12:20:30
2080,立春,2080-02-04 06:27:31
2080,雨水,2080-02-19 02:11:57
2080,惊蛰,2080-03-05 00:04:43
2080,春分,2080-03-20 00:43:38
2080,清明,2080-04-04 04:22:14
2080,谷雨,2080-04-19 11:13:49
2080,立夏,2080-05-04 21:10:11
2080,小满,2080-05-20 09:53:55
2080,芒种,2080-06-05 00:57:18
2080,夏至,2080-06-20 17:33:40
2080,小暑,2080-07-06 11:05:10
2080,大暑,2080-07-22 04:26:28
2080,立秋,2080-08-06 21:02:41
2080,处暑,2080-08-22 11:47:34
2080,白露,2080-09-07 00:22:00
2080,秋分,2080-09-22 09:55:57
2080,寒露,2080-10-07 16:33:51
2080,霜降,2080-10-22 19:51:29
2080,立冬,2080-11-06 20:18:06
2080,小雪,2080-11-21 17:55:15
2080,大雪,2080-12-06 13:33:17
2080,冬至,2080-12-21 07:32:15
2081,小寒,2081-01-05 00:55:35
2081,大寒,2081-01-19 18:11:21
2081,立春,2081-02-03 12:25:39
2081,雨水,2081-02-18 08:03:26
2081,惊蛰,2081-03-05 06:02:22
2081,春分,2081-03-20 06:33:48
2081,清明,2081-04-04 10:16:45
2081,谷雨,2081-04-19 17:01:07
2081,立夏,2081-05-05 02:59:29
2081,小满,2081-05-20 15:38:14
2081,芒种,2081-06-05 06:40:41
2081,夏至,2081-06-20 23:15:56
2081,小暑,2081-07-06 16:43:01
2081,大暑,2081-07-22 10:07:38
2081,立秋,2081-08-07 02:36:35
2081,处暑,2081-08-22 17:28:35
2081,白露,2081-09-07 05:54:12
2081,秋分,2081-09-22 15:37:23
2081,寒露,2081-10-07 22:06:09
2081,霜降,2081-10-23 01:34:06
2081,立冬,2081-11-07 01:52:17
2081,小雪,2081-11-21 23:40:42
2081,大雪,2081-12-06 19:11:16
2081,冬至,2081-12-21 13:22:03
2082,小寒,2082-01-05 06:38:11
2082,大寒,2082-01-20 00:05:28
2082,立春,2082-02-03 18:11:52
2082,雨水,2082-02-18 14:00:05
2082,惊蛰,2082-03-05 11:49:46
2082,春分,2082-03-20 12:30:17
2082,清明,2082-04-04 16:02:41
2082,谷雨,2082-04-19 22:54:58
2082,立夏,2082-05-05 08:42:30
2082,小满,2082-05-20 21:28:17
2082,芒种,2082-06-05 12:21:42
2082,夏至,2082-06-21 05:02:44
2082,小暑,2082-07-06 22:24:35
2082,大暑,2082-07-22 15:52:30
2082,立秋,2082-08-07 08:20:51
2082,处暑,2082-08-22 23:13:02
2082,白露,2082-09-07 11:42:11
2082,秋分,2082-09-22 21:22:37
2082,寒露,2082-10-08 03:57:05
2082,霜降,2082-10-23 07:19:40
2082,立冬,2082-11-07 07:43:48
2082,小雪,2082-11-22 05:25:03
2082,大雪,2082-12-07 01:01:08
2082,冬至,2082-12-21 19:04:15
2083,小寒,2083-01-05 12:25:42
2083,大寒,2083-01-20 05:45:49
2083,立春,2083-02-03 23:57:51
2083,雨水,2083-02-18 19:39:38
2083,惊蛰,2083-03-05 17:35:41
2083,春分,2083-03-20 18:09:56
2083,清明,2083-04-04 21:49:47
2083,谷雨,2083-04-20 04:34:56
2083,立夏,2083-05-05 14:31:06
2083,小满,2083-05-21 03:08:18
2083,芒种,2083-06-05 18:11:24
2083,夏至,2083-06-21 10:43:20
2083,小暑,2083-07-07 04:15:15
2083,大暑,2083-07-22 21:35:16
2083,立秋,2083-08-07 14:12:22
2083,处暑,2083-08-23 04:58:52
2083,白露,2083-09-07 17:34:08
2083,秋分,2083-09-23 03:11:15
2083,寒露,2083-10-08 09:49:06
2083,霜降,2083-10-23 13:09:53
2083,立冬,2083-11-07 13:35:16
2083,小雪,2083-11-22 11:15:07
2083,大雪,2083-12-07 06:51:21
2083,冬至,2083-12-22 00:52:54
2084,小寒,2084-01-05 18:14:33
2084,大寒,2084-01-20 11:33:06
2084,立春,2084-02-04 05:46:04
2084,雨水,2084-02-19 01:26:51
2084,惊蛰,2084-03-04 23:24:25
2084,春分,2084-03-19 23:58:55
2084,清明,2084-04-04 03:39:54
2084,谷雨,2084-04-19 10:27:14
2084,立夏,2084-05-04 20:22:27
2084,小满,2084-05-20 09:03:55
2084,芒种,2084-06-05 00:02:12
2084,夏至,2084-06-20 16:40:03
2084,小暑,2084-07-06 10:03:02
2084,大暑,2084-07-22 03:30:06
2084,立秋,2084-08-06 19:55:54
2084,处暑,2084-08-22 10:49:55
2084,白露,2084-09-06 23:13:50
2084,秋分,2084-09-22 08:58:34
2084,寒露,2084-10-07 15:26:44
2084,霜降,2084-10-22 18:55:29
2084,立冬,2084-11-06 19:13:04
2084,小雪,2084-11-21 17:01:15
2084,大雪,2084-12-06 12:30:38
2084,冬至,2084-12-21 06:40:46
2085,小寒,2085-01-04 23:55:42
2085,大寒,2085-01-19 17:23:04
2085,立春,2085-02-03 11:29:16
2085,雨水,2085-02-18 07:19:00
2085,惊蛰,2085-03-05 05:09:57
2085,春分,2085-03-20 05:53:02
2085,清明,2085-04-04 09:27:52
2085,谷雨,2085-04-19 16:22:20
2085,立夏,2085-05-05 02:12:36
2085,小满,2085-05-20 14:58:28
2085,芒种,2085-06-05 05:54:06
2085,夏至,2085-06-20 22:32:20
2085,小暑,2085-07-06 15:55:55
2085,大暑,2085-07-22 09:19:05
2085,立秋,2085-08-07 01:49:04
2085,处暑,2085-08-22 16:36:03
2085,白露,2085-09-07 05:06:59
2085,秋分,2085-09-22 14:43:04
2085,寒露,2085-10-07 21:19:59
2085,霜降,2085-10-23 00:39:47
2085,立冬,2085-11-07 01:07:17
2085,小雪,2085-11-21 22:46:56
2085,大雪,2085-12-06 18:26:45
2085,冬至,2085-12-21 12:28:17
2086,小寒,2086-01-05 05:53:09
2086,大寒,2086-01-19 23:11:02
2086,立春,2086-02-03 17:25:55
2086,雨水,2086-02-18 13:04:53
2086,惊蛰,2086-03-05 11:03:29
2086,春分,2086-03-20 11:34:54
2086,清明,2086-04-04 15:17:14
2086,谷雨,2086-04-19 22:00:07
2086,立夏,2086-05-05 07:58:29
2086,小满,2086-05-20 20:34:13
2086,芒种,2086-06-05 11:38:12
2086,夏至,2086-06-21 04:09:13
2086,小暑,2086-07-06 21:39:39
2086,大暑,2086-07-22 14:59:19
2086,立秋,2086-08-07 07:33:04
2086,处暑,2086-08-22 22:20:32
2086,白露,2086-09-07 10:52:05
2086,秋分,2086-09-22 20:31:52
2086,寒露,2086-10-08 03:06:46
2086,霜降,2086-10-23 06:31:48
2086,立冬,2086-11-07 06:55:24
2086,小雪,2086-11-22 04:40:31
2086,大雪,2086-12-07 00:15:30
2086,冬至,2086-12-21 18:22:15
2087,小寒,2087-01-05 11:42:07
2087,大寒,2087-01-20 05:04:47
2087,立春,2087-02-03 23:14:41
2087,雨水,2087-02-18 18:58:12
2087,惊蛰,2087-03-05 16:51:30
2087,春分,2087-03-20 17:27:55
2087,清明,2087-04-04 21:04:04
2087,谷雨,2087-04-20 03:53:23
2087,立夏,2087-05-05 13:44:17
2087,小满,2087-05-21 02:28:37
2087,芒种,2087-06-05 17:24:09
2087,夏至,2087-06-21 10:05:41
2087,小暑,2087-07-07 03:27:44
2087,大暑,2087-07-22 20:57:57
2087,立秋,2087-08-07 13:24:00
2087,处暑,2087-08-23 04:19:19
2087,白露,2087-09-07 16:44:03
2087,秋分,2087-09-23 02:28:06
2087,寒露,2087-10-08 08:57:16
2087,霜降,2087-10-23 12:24:01
2087,立冬,2087-11-07 12:42:52
2087,小雪,2087-11-22 10:28:49
2087,大雪,2087-12-07 05:59:54
2087,冬至,2087-12-22 00:08:05
2088,小寒,2088-01-05 17:24:49
2088,大寒,2088-01-20 10:50:13
2088,立春,2088-02-04 04:57:42
2088,雨水,2088-02-19 00:44:56
2088,惊蛰,2088-03-04 22:36:35
2088,春分,2088-03-19 23:16:36
2088,清明,2088-04-04 02:52:19
2088,谷雨,2088-04-19 09:43:45
2088,立夏,2088-05-04 19:36:18
2088,小满,2088-05-20 08:19:44
2088,芒种,2088-06-04 23:19:36
2088,夏至,2088-06-20 15:56:20
2088,小暑,2088-07-06 09:25:33
2088,大暑,2088-07-22 02:47:51
2088,立秋,2088-08-06 19:23:11
2088,处暑,2088-08-22 10:09:10
2088,白露,2088-09-06 22:43:33
2088,秋分,2088-09-22 08:17:58
2088,寒露,2088-10-07 14:56:01
2088,霜降,2088-10-22 18:13:25
2088,立冬,2088-11-06 18:40:22
2088,小雪,2088-11-21 16:17:19
2088,大雪,2088-12-06 11:56:17
2088,冬至,2088-12-21 05:55:44
2089,小寒,2089-01-04 23:20:47
2089,大寒,2089-01-19 16:37:48
2089,立春,2089-02-03 10:54:16
2089,雨水,2089-02-18 06:33:25
2089,惊蛰,2089-03-05 04:34:11
2089,春分,2089-03-20 05:06:06
2089,清明,2089-04-04 08:49:54
2089,谷雨,2089-04-19 15:33:07
2089,立夏,2089-05-05 01:31:26
2089,小满,2089-05-20 14:07:41
2089,芒种,2089-06-05 05:10:06
2089,夏至,2089-06-20 21:42:38
2089,小暑,2089-07-06 15:10:40
2089,大暑,2089-07-22 08:33:18
2089,立秋,2089-08-07 01:04:19
2089,处暑,2089-08-22 15:55:27
2089,白露,2089-09-07 04:23:43
2089,秋分,2089-09-22 14:06:38
2089,寒露,2089-10-07 20:37:37
2089,霜降,2089-10-23 00:05:00
2089,立冬,2089-11-07 00:24:23
2089,小雪,2089-11-21 22:11:33
2089,大雪,2089-12-06 17:42:33
2089,冬至,2089-12-21 11:51:44
2090,小寒,2090-01-05 05:08:20
2090,大寒,2090-01-19 22:34:19
2090,立春,2090-02-03 16:41:50
2090,雨水,2090-02-18 12:29:28
2090,惊蛰,2090-03-05 10:20:57
2090,春分,2090-03-20 11:01:27
2090,清明,2090-04-04 14:35:38
2090,谷雨,2090-04-19 21:27:55
2090,立夏,2090-05-05 07:16:16
2090,小满,2090-05-20 20:01:44
2090,芒种,2090-06-05 10:54:37
2090,夏至,2090-06-21 03:35:34
2090,小暑,2090-07-06 20:56:13
2090,大暑,2090-07-22 14:25:07
2090,立秋,2090-08-07 06:52:23
2090,处暑,2090-08-22 21:46:52
2090,白露,2090-09-07 10:15:31
2090,秋分,2090-09-22 19:59:07
2090,寒露,2090-10-08 02:33:21
2090,霜降,2090-10-23 05:58:58
2090,立冬,2090-11-07 06:22:14
2090,小雪,2090-11-22 04:05:29
2090,大雪,2090-12-06 23:39:26
2090,冬至,2090-12-21 17:43:16
2091,小寒,2091-01-05 11:01:33
2091,大寒,2091-01-20 04:21:43
2091,立春,2091-02-03 22:30:21
2091,雨水,2091-02-18 18:12:29
2091,惊蛰,2091-03-05 16:05:49
2091,春分,2091-03-20 16:41:25
2091,清明,2091-04-04 20:19:42
2091,谷雨,2091-04-20 03:07:10
2091,立夏,2091-05-05 13:02:41
2091,小满,2091-05-21 01:42:21
2091,芒种,2091-06-05 16:45:05
2091,夏至,2091-06-21 09:18:41
2091,小暑,2091-07-07 02:50:31
2091,大暑,2091-07-22 20:11:19
2091,立秋,2091-08-07 12:49:09
2091,处暑,2091-08-23 03:36:01
2091,白露,2091-09-07 16:13:02
2091,秋分,2091-09-23 01:50:30
2091,寒露,2091-10-08 08:30:59
2091,霜降,2091-10-23 11:52:07
2091,立冬,2091-11-07 12:20:18
2091,小雪,2091-11-22 09:59:58
2091,大雪,2091-12-07 05:38:08
2091,冬至,2091-12-21 23:38:14
2092,小寒,2092-01-05 17:00:24
2092,大寒,2092-01-20 10:16:07
2092,立春,2092-02-04 04:28:22
2092,雨水,2092-02-19 00:05:30
2092,惊蛰,2092-03-04 22:02:06
2092,春分,2092-03-19 22:33:11
2092,清明,2092-04-04 02:14:05
2092,谷雨,2092-04-19 08:59:02
2092,立夏,2092-05-04 18:55:49
2092,小满,2092-05-20 07:36:07
2092,芒种,2092-06-04 22:37:14
2092,夏至,2092-06-20 15:14:36
2092,小暑,2092-07-06 08:40:32
2092,大暑,2092-07-22 02:07:22
2092,立秋,2092-08-06 18:35:38
2092,处暑,2092-08-22 09:29:54
2092,白露,2092-09-06 21:55:45
2092,秋分,2092-09-22 07:41:22
2092,寒露,2092-10-07 14:11:10
2092,霜降,2092-10-22 17:41:20
2092,立冬,2092-11-06 18:00:24
2092,小雪,2092-11-21 15:50:10
2092,大雪,2092-12-06 11:20:36
2092,冬至,2092-12-21 05:31:37
2093,小寒,2093-01-04 22:46:35
2093,大寒,2093-01-19 16:13:23
2093,立春,2093-02-03 10:18:06
2093,雨水,2093-02-18 06:05:44
2093,惊蛰,2093-03-05 03:53:55
2093,春分,2093-03-20 04:34:10
2093,清明,2093-04-04 08:05:48
2093,谷雨,2093-04-19 14:58:08
2093,立夏,2093-05-05 00:45:54
2093,小满,2093-05-20 13:31:40
2093,芒种,2093-06-05 04:26:12
2093,夏至,2093-06-20 21:06:45
2093,小暑,2093-07-06 14:30:18
2093,大暑,2093-07-22 07:57:06
2093,立秋,2093-08-07 00:27:22
2093,处暑,2093-08-22 15:18:07
2093,白露,2093-09-07 03:49:16
2093,秋分,2093-09-22 13:28:37
2093,寒露,2093-10-07 20:05:35
2093,霜降,2093-10-22 23:28:03
2093,立冬,2093-11-06 23:55:26
2093,小雪,2093-11-21 21:37:21
2093,大雪,2093-12-06 17:16:53
2093,冬至,2093-12-21 11:20:20
2094,小寒,2094-01-05 04:44:26
2094,大寒,2094-01-19 22:03:30
2094,立春,2094-02-03 16:16:35
2094,雨水,2094-02-18 11:55:33
2094,惊蛰,2094-03-05 09:51:03
2094,春分,2094-03-20 10:21:12
2094,清明,2094-04-04 13:59:36
2094,谷雨,2094-04-19 20:40:28
2094,立夏,2094-05-05 06:35:16
2094,小满,2094-05-20 19:09:15
2094,芒种,2094-06-05 10:11:33
2094,夏至,2094-06-21 02:42:04
2094,小暑,2094-07-06 20:13:42
2094,大暑,2094-07-22 13:34:09
2094,立秋,2094-08-07 06:11:19
2094,处暑,2094-08-22 20:59:58
2094,白露,2094-09-07 09:35:41
2094,秋分,2094-09-22 19:16:13
2094,寒露,2094-10-08 01:54:56
2094,霜降,2094-10-23 05:19:52
2094,立冬,2094-11-07 05:46:24
2094,小雪,2094-11-22 03:30:34
2094,大雪,2094-12-06 23:07:45
2094,冬至,2094-12-21 17:12:58
2095,小寒,2095-01-05 10:34:37
2095,大寒,2095-01-20 03:55:23
2095,立春,2095-02-03 22:06:38
2095,雨水,2095-02-18 17:47:43
2095,惊蛰,2095-03-05 15:41:37
2095,春分,2095-03-20 16:14:42
2095,清明,2095-04-04 19:50:31
2095,谷雨,2095-04-20 02:35:40
2095,立夏,2095-05-05 12:25:32
2095,小满,2095-05-21 01:05:34
2095,芒种,2095-06-05 16:00:06
2095,夏至,2095-06-21 08:38:39
2095,小暑,2095-07-07 02:00:47
2095,大暑,2095-07-22 19:30:41
2095,立秋,2095-08-07 11:58:21
2095,处暑,2095-08-23 02:56:03
2095,白露,2095-09-07 15:23:11
2095,秋分,2095-09-23 01:10:56
2095,寒露,2095-10-08 07:42:10
2095,霜降,2095-10-23 11:12:29
2095,立冬,2095-11-07 11:32:13
2095,小雪,2095-11-22 09:20:38
2095,大雪,2095-12-07 04:51:08
2095,冬至,2095-12-21 23:00:28
2096,小寒,2096-01-05 16:15:33
2096,大寒,2096-01-20 09:41:12
2096,立春,2096-02-04 03:46:29
2096,雨水,2096-02-18 23:33:36
2096,惊蛰,2096-03-04 21:22:44
2096,春分,2096-03-19 22:02:28
2096,清明,2096-04-04 01:35:15
2096,谷雨,2096-04-19 08:26:12
2096,立夏,2096-05-04 18:15:12
2096,小满,2096-05-20 06:58:05
2096,芒种,2096-06-04 21:54:01
2096,夏至,2096-06-20 14:30:25
2096,小暑,2096-07-06 07:56:13
2096,大暑,2096-07-22 01:19:08
2096,立秋,2096-08-06 17:53:00
2096,处暑,2096-08-22 08:41:13
2096,白露,2096-09-06 21:16:36
2096,秋分,2096-09-22 06:54:27
2096,寒露,2096-10-07 13:35:03
2096,霜降,2096-10-22 16:55:59
2096,立冬,2096-11-06 17:25:33
2096,小雪,2096-11-21 15:05:02
2096,大雪,2096-12-06 10:45:23
2096,冬至,2096-12-21 04:45:43
2097,小寒,2097-01-04 22:10:28
2097,大寒,2097-01-19 15:26:50
2097,立春,2097-02-03 09:41:39
2097,雨水,2097-02-18 05:19:15
2097,惊蛰,2097-03-05 03:17:51
2097,春分,2097-03-20 03:47:53
2097,清明,2097-04-04 07:29:42
2097,谷雨,2097-04-19 14:10:51
2097,立夏,2097-05-05 00:07:43
2097,小满,2097-05-20 12:41:34
2097,芒种,2097-06-05 03:43:12
2097,夏至,2097-06-20 20:12:56
2097,小暑,2097-07-06 13:40:53
2097,大暑,2097-07-22 07:00:38
2097,立秋,2097-08-06 23:32:33
2097,处暑,2097-08-22 14:21:48
2097,白露,2097-09-07 02:52:33
2097,秋分,2097-09-22 12:35:27
2097,寒露,2097-10-07 19:10:30
2097,霜降,2097-10-22 22:39:19
2097,立冬,2097-11-06 23:03:22
2097,小雪,2097-11-21 20:52:11
2097,大雪,2097-12-06 16:27:13
2097,冬至,2097-12-21 10:36:53
2098,小寒,2098-01-05 03:55:53
2098,大寒,2098-01-19 21:20:25
2098,立春,2098-02-03 15:28:26
2098,雨水,2098-02-18 11:12:51
2098,惊蛰,2098-03-05 09:03:26
2098,春分,2098-03-20 09:39:56
2098,清明,2098-04-04 13:12:45
2098,谷雨,2098-04-19 20:01:20
2098,立夏,2098-05-05 05:48:27
2098,小满,2098-05-20 18:31:12
2098,芒种,2098-06-05 09:23:00
2098,夏至,2098-06-21 02:02:32
2098,小暑,2098-07-06 19:21:56
2098,大暑,2098-07-22 12:50:31
2098,立秋,2098-08-07 05:16:10
2098,处暑,2098-08-22 20:11:17
2098,白露,2098-09-07 08:38:23
2098,秋分,2098-09-22 18:23:52
2098,寒露,2098-10-08 00:57:29
2098,霜降,2098-10-23 04:26:26
2098,立冬,2098-11-07 04:50:10
2098,小雪,2098-11-22 02:37:40
2098,大雪,2098-12-06 22:12:28
2098,冬至,2098-12-21 16:20:25
2099,小寒,2099-01-05 09:38:51
2099,大寒,2099-01-20 03:01:52
2099,立春,2099-02-03 21:09:01
2099,雨水,2099-02-18 16:52:09
2099,惊蛰,2099-03-05 14:42:10
2099,春分,2099-03-20 15:17:15
2099,清明,2099-04-04 18:51:05
2099,谷雨,2099-04-20 01:37:35
2099,立夏,2099-05-05 11:28:46
2099,小满,2099-05-21 00:07:59
2099,芒种,2099-06-05 15:07:27
2099,夏至,2099-06-21 07:41:20
2099,小暑,2099-07-07 01:11:19
2099,大暑,2099-07-22 18:32:37
2099,立秋,2099-08-07 11:09:48
2099,处暑,2099-08-23 01:56:43
2099,白露,2099-09-07 14:33:44
2099,秋分,2099-09-23 00:10:40
2099,寒露,2099-10-08 06:51:48
2099,霜降,2099-10-23 10:12:31
2099,立冬,2099-11-07 10:42:17
2099,小雪,2099-11-22 08:22:15
2099,大雪,2099-12-07 04:02:56
2099,冬至,2099-12-21 22:03:58
2100,小寒,2100-01-05 15:28:57
2100,大寒,2100-01-20 08:45:30
2100,立春,2100-02-04 02:59:55
2100,雨水,2100-02-18 22:36:49
2100,惊蛰,2100-03-05 20:34:08
2100,春分,2100-03-20 21:03:15
2100,清明,2100-04-05 00:43:27
2100,谷雨,2100-04-20 07:24:55
2100,立夏,2100-05-05 17:20:33
2100,小满,2100-05-21 05:56:55
2100,芒种,2100-06-05 20:57:40
2100,夏至,2100-06-21 13:31:49
2100,小暑,2100-07-07 06:58:43
2100,大暑,2100-07-23 00:23:37
2100,立秋,2100-08-07 16:53:47
2100,处暑,2100-08-23 07:47:15
2100,白露,2100-09-07 20:14:56
2100,秋分,2100-09-23 06:00:03
2100,寒露,2100-10-08 12:30:54
2100,霜降,2100-10-23 16:00:24
2100,立冬,2100-11-07 16:19:52
2100,小雪,2100-11-22 14:09:00
2100,大雪,2100-12-07 09:39:52
2100,冬至,2100-12-22 03:50:37
2101,小寒,2101-01-05 21:06:31
2101,大寒,2101-01-20 14:33:28
2101,立春,2101-02-04 08:39:31
2101,雨水,2101-02-19 04:27:18
2101,惊蛰,2101-03-06 02:16:28
2101,春分,2101-03-21 02:56:16
2101,清明,2101-04-05 06:27:40
2101,谷雨,2101-04-20 13:18:41
2101,立夏,2101-05-05 23:04:46
2101,小满,2101-05-21 11:49:00
2101,芒种,2101-06-06 02:41:03
2101,夏至,2101-06-21 19:21:05
2101,小暑,2101-07-07 12:42:27
2101,大暑,2101-07-23 06:10:29
2101,立秋,2101-08-07 22:39:29
2101,处暑,2101-08-23 13:33:00
2101,白露,2101-09-08 02:03:43
2101,秋分,2101-09-23 11:46:17
2101,寒露,2101-10-08 18:22:50
2101,霜降,2101-10-23 21:47:47
2101,立冬,2101-11-07 22:13:55
2101,小雪,2101-11-22 19:57:11
2101,大雪,2101-12-07 15:34:30
2101,冬至,2101-12-22 09:38:33
